component,date,value,yoy_pct
All items,1947-01-01,21.48,
All items,1947-02-01,21.62,
All items,1947-03-01,22.0,
All items,1947-04-01,22.0,
All items,1947-05-01,21.95,
All items,1947-06-01,22.08,
All items,1947-07-01,22.23,
All items,1947-08-01,22.4,
All items,1947-09-01,22.84,
All items,1947-10-01,22.91,
All items,1947-11-01,23.06,
All items,1947-12-01,23.41,
All items,1948-01-01,23.68,10.24
All items,1948-02-01,23.67,9.48
All items,1948-03-01,23.5,6.82
All items,1948-04-01,23.82,8.27
All items,1948-05-01,24.01,9.38
All items,1948-06-01,24.15,9.38
All items,1948-07-01,24.4,9.76
All items,1948-08-01,24.43,9.06
All items,1948-09-01,24.36,6.65
All items,1948-10-01,24.31,6.11
All items,1948-11-01,24.16,4.77
All items,1948-12-01,24.05,2.73
All items,1949-01-01,24.01,1.39
All items,1949-02-01,23.91,1.01
All items,1949-03-01,23.91,1.74
All items,1949-04-01,23.92,0.42
All items,1949-05-01,23.91,-0.42
All items,1949-06-01,23.92,-0.95
All items,1949-07-01,23.7,-2.87
All items,1949-08-01,23.7,-2.99
All items,1949-09-01,23.75,-2.5
All items,1949-10-01,23.67,-2.63
All items,1949-11-01,23.7,-1.9
All items,1949-12-01,23.61,-1.83
All items,1950-01-01,23.51,-2.08
All items,1950-02-01,23.61,-1.25
All items,1950-03-01,23.64,-1.13
All items,1950-04-01,23.65,-1.13
All items,1950-05-01,23.77,-0.59
All items,1950-06-01,23.88,-0.17
All items,1950-07-01,24.07,1.56
All items,1950-08-01,24.2,2.11
All items,1950-09-01,24.34,2.48
All items,1950-10-01,24.5,3.51
All items,1950-11-01,24.6,3.8
All items,1950-12-01,24.98,5.8
All items,1951-01-01,25.38,7.95
All items,1951-02-01,25.83,9.4
All items,1951-03-01,25.88,9.48
All items,1951-04-01,25.92,9.6
All items,1951-05-01,25.99,9.34
All items,1951-06-01,25.93,8.58
All items,1951-07-01,25.91,7.64
All items,1951-08-01,25.86,6.86
All items,1951-09-01,26.03,6.94
All items,1951-10-01,26.16,6.78
All items,1951-11-01,26.32,6.99
All items,1951-12-01,26.47,5.96
All items,1952-01-01,26.45,4.22
All items,1952-02-01,26.41,2.25
All items,1952-03-01,26.39,1.97
All items,1952-04-01,26.46,2.08
All items,1952-05-01,26.47,1.85
All items,1952-06-01,26.53,2.31
All items,1952-07-01,26.68,2.97
All items,1952-08-01,26.69,3.21
All items,1952-09-01,26.63,2.31
All items,1952-10-01,26.69,2.03
All items,1952-11-01,26.69,1.41
All items,1952-12-01,26.71,0.91
All items,1953-01-01,26.64,0.72
All items,1953-02-01,26.59,0.68
All items,1953-03-01,26.63,0.91
All items,1953-04-01,26.69,0.87
All items,1953-05-01,26.7,0.87
All items,1953-06-01,26.77,0.9
All items,1953-07-01,26.79,0.41
All items,1953-08-01,26.85,0.6
All items,1953-09-01,26.89,0.98
All items,1953-10-01,26.95,0.97
All items,1953-11-01,26.85,0.6
All items,1953-12-01,26.87,0.6
All items,1954-01-01,26.94,1.13
All items,1954-02-01,26.99,1.5
All items,1954-03-01,26.93,1.13
All items,1954-04-01,26.86,0.64
All items,1954-05-01,26.93,0.86
All items,1954-06-01,26.94,0.64
All items,1954-07-01,26.86,0.26
All items,1954-08-01,26.85,0.0
All items,1954-09-01,26.81,-0.3
All items,1954-10-01,26.72,-0.85
All items,1954-11-01,26.78,-0.26
All items,1954-12-01,26.77,-0.37
All items,1955-01-01,26.77,-0.63
All items,1955-02-01,26.82,-0.63
All items,1955-03-01,26.79,-0.52
All items,1955-04-01,26.79,-0.26
All items,1955-05-01,26.77,-0.59
All items,1955-06-01,26.71,-0.85
All items,1955-07-01,26.76,-0.37
All items,1955-08-01,26.72,-0.48
All items,1955-09-01,26.85,0.15
All items,1955-10-01,26.82,0.37
All items,1955-11-01,26.88,0.37
All items,1955-12-01,26.87,0.37
All items,1956-01-01,26.83,0.22
All items,1956-02-01,26.86,0.15
All items,1956-03-01,26.89,0.37
All items,1956-04-01,26.93,0.52
All items,1956-05-01,27.03,0.97
All items,1956-06-01,27.15,1.65
All items,1956-07-01,27.29,1.98
All items,1956-08-01,27.31,2.21
All items,1956-09-01,27.35,1.86
All items,1956-10-01,27.51,2.57
All items,1956-11-01,27.51,2.34
All items,1956-12-01,27.63,2.83
All items,1957-01-01,27.67,3.13
All items,1957-02-01,27.8,3.5
All items,1957-03-01,27.86,3.61
All items,1957-04-01,27.93,3.71
All items,1957-05-01,28.0,3.59
All items,1957-06-01,28.11,3.54
All items,1957-07-01,28.19,3.3
All items,1957-08-01,28.28,3.55
All items,1957-09-01,28.32,3.55
All items,1957-10-01,28.32,2.94
All items,1957-11-01,28.41,3.27
All items,1957-12-01,28.47,3.04
All items,1958-01-01,28.64,3.51
All items,1958-02-01,28.7,3.24
All items,1958-03-01,28.87,3.63
All items,1958-04-01,28.94,3.62
All items,1958-05-01,28.94,3.36
All items,1958-06-01,28.91,2.85
All items,1958-07-01,28.89,2.48
All items,1958-08-01,28.94,2.33
All items,1958-09-01,28.91,2.08
All items,1958-10-01,28.91,2.08
All items,1958-11-01,28.95,1.9
All items,1958-12-01,28.97,1.76
All items,1959-01-01,29.01,1.29
All items,1959-02-01,29.0,1.05
All items,1959-03-01,28.97,0.35
All items,1959-04-01,28.98,0.14
All items,1959-05-01,29.04,0.35
All items,1959-06-01,29.11,0.69
All items,1959-07-01,29.15,0.9
All items,1959-08-01,29.18,0.83
All items,1959-09-01,29.25,1.18
All items,1959-10-01,29.35,1.52
All items,1959-11-01,29.35,1.38
All items,1959-12-01,29.41,1.52
All items,1960-01-01,29.37,1.24
All items,1960-02-01,29.41,1.41
All items,1960-03-01,29.41,1.52
All items,1960-04-01,29.54,1.93
All items,1960-05-01,29.57,1.83
All items,1960-06-01,29.61,1.72
All items,1960-07-01,29.55,1.37
All items,1960-08-01,29.61,1.47
All items,1960-09-01,29.61,1.23
All items,1960-10-01,29.75,1.36
All items,1960-11-01,29.78,1.47
All items,1960-12-01,29.81,1.36
All items,1961-01-01,29.84,1.6
All items,1961-02-01,29.84,1.46
All items,1961-03-01,29.84,1.46
All items,1961-04-01,29.81,0.91
All items,1961-05-01,29.84,0.91
All items,1961-06-01,29.84,0.78
All items,1961-07-01,29.92,1.25
All items,1961-08-01,29.94,1.11
All items,1961-09-01,29.98,1.25
All items,1961-10-01,29.98,0.77
All items,1961-11-01,29.98,0.67
All items,1961-12-01,30.01,0.67
All items,1962-01-01,30.04,0.67
All items,1962-02-01,30.11,0.9
All items,1962-03-01,30.17,1.11
All items,1962-04-01,30.21,1.34
All items,1962-05-01,30.24,1.34
All items,1962-06-01,30.21,1.24
All items,1962-07-01,30.22,1.0
All items,1962-08-01,30.28,1.14
All items,1962-09-01,30.42,1.47
All items,1962-10-01,30.38,1.33
All items,1962-11-01,30.38,1.33
All items,1962-12-01,30.38,1.23
All items,1963-01-01,30.44,1.33
All items,1963-02-01,30.48,1.23
All items,1963-03-01,30.51,1.13
All items,1963-04-01,30.48,0.89
All items,1963-05-01,30.51,0.89
All items,1963-06-01,30.61,1.32
All items,1963-07-01,30.69,1.56
All items,1963-08-01,30.75,1.55
All items,1963-09-01,30.72,0.99
All items,1963-10-01,30.75,1.22
All items,1963-11-01,30.78,1.32
All items,1963-12-01,30.88,1.65
All items,1964-01-01,30.94,1.64
All items,1964-02-01,30.91,1.41
All items,1964-03-01,30.94,1.41
All items,1964-04-01,30.95,1.54
All items,1964-05-01,30.98,1.54
All items,1964-06-01,31.01,1.31
All items,1964-07-01,31.02,1.08
All items,1964-08-01,31.05,0.98
All items,1964-09-01,31.08,1.17
All items,1964-10-01,31.12,1.2
All items,1964-11-01,31.21,1.4
All items,1964-12-01,31.25,1.2
All items,1965-01-01,31.28,1.1
All items,1965-02-01,31.28,1.2
All items,1965-03-01,31.31,1.2
All items,1965-04-01,31.38,1.39
All items,1965-05-01,31.48,1.61
All items,1965-06-01,31.61,1.93
All items,1965-07-01,31.58,1.81
All items,1965-08-01,31.55,1.61
All items,1965-09-01,31.62,1.74
All items,1965-10-01,31.65,1.7
All items,1965-11-01,31.75,1.73
All items,1965-12-01,31.85,1.92
All items,1966-01-01,31.88,1.92
All items,1966-02-01,32.08,2.56
All items,1966-03-01,32.18,2.78
All items,1966-04-01,32.28,2.87
All items,1966-05-01,32.35,2.76
All items,1966-06-01,32.38,2.44
All items,1966-07-01,32.45,2.75
All items,1966-08-01,32.65,3.49
All items,1966-09-01,32.75,3.57
All items,1966-10-01,32.85,3.79
All items,1966-11-01,32.88,3.56
All items,1966-12-01,32.92,3.36
All items,1967-01-01,32.9,3.2
All items,1967-02-01,33.0,2.87
All items,1967-03-01,33.0,2.55
All items,1967-04-01,33.1,2.54
All items,1967-05-01,33.1,2.32
All items,1967-06-01,33.3,2.84
All items,1967-07-01,33.4,2.93
All items,1967-08-01,33.5,2.6
All items,1967-09-01,33.6,2.6
All items,1967-10-01,33.7,2.59
All items,1967-11-01,33.9,3.1
All items,1967-12-01,34.0,3.28
All items,1968-01-01,34.1,3.65
All items,1968-02-01,34.2,3.64
All items,1968-03-01,34.3,3.94
All items,1968-04-01,34.4,3.93
All items,1968-05-01,34.5,4.23
All items,1968-06-01,34.7,4.2
All items,1968-07-01,34.9,4.49
All items,1968-08-01,35.0,4.48
All items,1968-09-01,35.1,4.46
All items,1968-10-01,35.3,4.75
All items,1968-11-01,35.4,4.42
All items,1968-12-01,35.6,4.71
All items,1969-01-01,35.7,4.69
All items,1969-02-01,35.8,4.68
All items,1969-03-01,36.1,5.25
All items,1969-04-01,36.3,5.52
All items,1969-05-01,36.4,5.51
All items,1969-06-01,36.6,5.48
All items,1969-07-01,36.8,5.44
All items,1969-08-01,36.9,5.43
All items,1969-09-01,37.1,5.7
All items,1969-10-01,37.3,5.67
All items,1969-11-01,37.5,5.93
All items,1969-12-01,37.7,5.9
All items,1970-01-01,37.9,6.16
All items,1970-02-01,38.1,6.42
All items,1970-03-01,38.3,6.09
All items,1970-04-01,38.5,6.06
All items,1970-05-01,38.6,6.04
All items,1970-06-01,38.8,6.01
All items,1970-07-01,38.9,5.71
All items,1970-08-01,39.0,5.69
All items,1970-09-01,39.2,5.66
All items,1970-10-01,39.4,5.63
All items,1970-11-01,39.6,5.6
All items,1970-12-01,39.8,5.57
All items,1971-01-01,39.9,5.28
All items,1971-02-01,39.9,4.72
All items,1971-03-01,40.0,4.44
All items,1971-04-01,40.1,4.16
All items,1971-05-01,40.3,4.4
All items,1971-06-01,40.5,4.38
All items,1971-07-01,40.6,4.37
All items,1971-08-01,40.7,4.36
All items,1971-09-01,40.8,4.08
All items,1971-10-01,40.9,3.81
All items,1971-11-01,41.0,3.54
All items,1971-12-01,41.1,3.27
All items,1972-01-01,41.2,3.26
All items,1972-02-01,41.4,3.76
All items,1972-03-01,41.4,3.5
All items,1972-04-01,41.5,3.49
All items,1972-05-01,41.6,3.23
All items,1972-06-01,41.7,2.96
All items,1972-07-01,41.8,2.96
All items,1972-08-01,41.9,2.95
All items,1972-09-01,42.1,3.19
All items,1972-10-01,42.2,3.18
All items,1972-11-01,42.4,3.41
All items,1972-12-01,42.5,3.41
All items,1973-01-01,42.7,3.64
All items,1973-02-01,43.0,3.86
All items,1973-03-01,43.4,4.83
All items,1973-04-01,43.7,5.3
All items,1973-05-01,43.9,5.53
All items,1973-06-01,44.2,6.0
All items,1973-07-01,44.2,5.74
All items,1973-08-01,45.0,7.4
All items,1973-09-01,45.2,7.36
All items,1973-10-01,45.6,8.06
All items,1973-11-01,45.9,8.25
All items,1973-12-01,46.3,8.94
All items,1974-01-01,46.8,9.6
All items,1974-02-01,47.3,10.0
All items,1974-03-01,47.8,10.14
All items,1974-04-01,48.1,10.07
All items,1974-05-01,48.6,10.71
All items,1974-06-01,49.0,10.86
All items,1974-07-01,49.3,11.54
All items,1974-08-01,49.9,10.89
All items,1974-09-01,50.6,11.95
All items,1974-10-01,51.0,11.84
All items,1974-11-01,51.5,12.2
All items,1974-12-01,51.9,12.1
All items,1975-01-01,52.3,11.75
All items,1975-02-01,52.6,11.21
All items,1975-03-01,52.8,10.46
All items,1975-04-01,53.0,10.19
All items,1975-05-01,53.1,9.26
All items,1975-06-01,53.5,9.18
All items,1975-07-01,54.0,9.53
All items,1975-08-01,54.2,8.62
All items,1975-09-01,54.6,7.91
All items,1975-10-01,54.9,7.65
All items,1975-11-01,55.3,7.38
All items,1975-12-01,55.6,7.13
All items,1976-01-01,55.8,6.69
All items,1976-02-01,55.9,6.27
All items,1976-03-01,56.0,6.06
All items,1976-04-01,56.1,5.85
All items,1976-05-01,56.4,6.21
All items,1976-06-01,56.7,5.98
All items,1976-07-01,57.0,5.56
All items,1976-08-01,57.3,5.72
All items,1976-09-01,57.6,5.49
All items,1976-10-01,57.9,5.46
All items,1976-11-01,58.1,5.06
All items,1976-12-01,58.4,5.04
All items,1977-01-01,58.7,5.2
All items,1977-02-01,59.3,6.08
All items,1977-03-01,59.6,6.43
All items,1977-04-01,60.0,6.95
All items,1977-05-01,60.2,6.74
All items,1977-06-01,60.5,6.7
All items,1977-07-01,60.8,6.67
All items,1977-08-01,61.1,6.63
All items,1977-09-01,61.3,6.42
All items,1977-10-01,61.6,6.39
All items,1977-11-01,62.0,6.71
All items,1977-12-01,62.3,6.68
All items,1978-01-01,62.7,6.81
All items,1978-02-01,63.0,6.24
All items,1978-03-01,63.4,6.38
All items,1978-04-01,63.9,6.5
All items,1978-05-01,64.5,7.14
All items,1978-06-01,65.0,7.44
All items,1978-07-01,65.5,7.73
All items,1978-08-01,65.9,7.86
All items,1978-09-01,66.5,8.48
All items,1978-10-01,67.1,8.93
All items,1978-11-01,67.5,8.87
All items,1978-12-01,67.9,8.99
All items,1979-01-01,68.5,9.25
All items,1979-02-01,69.2,9.84
All items,1979-03-01,69.9,10.25
All items,1979-04-01,70.6,10.49
All items,1979-05-01,71.4,10.7
All items,1979-06-01,72.2,11.08
All items,1979-07-01,73.0,11.45
All items,1979-08-01,73.7,11.84
All items,1979-09-01,74.4,11.88
All items,1979-10-01,75.2,12.07
All items,1979-11-01,76.0,12.59
All items,1979-12-01,76.9,13.25
All items,1980-01-01,78.0,13.87
All items,1980-02-01,79.0,14.16
All items,1980-03-01,80.1,14.59
All items,1980-04-01,80.9,14.59
All items,1980-05-01,81.7,14.43
All items,1980-06-01,82.5,14.27
All items,1980-07-01,82.6,13.15
All items,1980-08-01,83.2,12.89
All items,1980-09-01,83.9,12.77
All items,1980-10-01,84.7,12.63
All items,1980-11-01,85.6,12.63
All items,1980-12-01,86.4,12.35
All items,1981-01-01,87.2,11.79
All items,1981-02-01,88.0,11.39
All items,1981-03-01,88.6,10.61
All items,1981-04-01,89.1,10.14
All items,1981-05-01,89.7,9.79
All items,1981-06-01,90.5,9.7
All items,1981-07-01,91.5,10.77
All items,1981-08-01,92.2,10.82
All items,1981-09-01,93.1,10.97
All items,1981-10-01,93.4,10.27
All items,1981-11-01,93.8,9.58
All items,1981-12-01,94.1,8.91
All items,1982-01-01,94.4,8.26
All items,1982-02-01,94.7,7.61
All items,1982-03-01,94.7,6.88
All items,1982-04-01,95.0,6.62
All items,1982-05-01,95.9,6.91
All items,1982-06-01,97.0,7.18
All items,1982-07-01,97.5,6.56
All items,1982-08-01,97.7,5.97
All items,1982-09-01,97.7,4.94
All items,1982-10-01,98.1,5.03
All items,1982-11-01,98.0,4.48
All items,1982-12-01,97.7,3.83
All items,1983-01-01,97.9,3.71
All items,1983-02-01,98.0,3.48
All items,1983-03-01,98.1,3.59
All items,1983-04-01,98.8,4.0
All items,1983-05-01,99.2,3.44
All items,1983-06-01,99.4,2.47
All items,1983-07-01,99.8,2.36
All items,1983-08-01,100.1,2.46
All items,1983-09-01,100.4,2.76
All items,1983-10-01,100.8,2.75
All items,1983-11-01,101.1,3.16
All items,1983-12-01,101.4,3.79
All items,1984-01-01,102.1,4.29
All items,1984-02-01,102.6,4.69
All items,1984-03-01,102.9,4.89
All items,1984-04-01,103.3,4.55
All items,1984-05-01,103.5,4.33
All items,1984-06-01,103.7,4.33
All items,1984-07-01,104.1,4.31
All items,1984-08-01,104.4,4.3
All items,1984-09-01,104.7,4.28
All items,1984-10-01,105.1,4.27
All items,1984-11-01,105.3,4.15
All items,1984-12-01,105.5,4.04
All items,1985-01-01,105.7,3.53
All items,1985-02-01,106.3,3.61
All items,1985-03-01,106.8,3.79
All items,1985-04-01,107.0,3.58
All items,1985-05-01,107.2,3.57
All items,1985-06-01,107.5,3.66
All items,1985-07-01,107.7,3.46
All items,1985-08-01,107.9,3.35
All items,1985-09-01,108.1,3.25
All items,1985-10-01,108.5,3.24
All items,1985-11-01,109.0,3.51
All items,1985-12-01,109.5,3.79
All items,1986-01-01,109.9,3.97
All items,1986-02-01,109.7,3.2
All items,1986-03-01,109.1,2.15
All items,1986-04-01,108.7,1.59
All items,1986-05-01,109.0,1.68
All items,1986-06-01,109.4,1.77
All items,1986-07-01,109.5,1.67
All items,1986-08-01,109.6,1.58
All items,1986-09-01,110.0,1.76
All items,1986-10-01,110.2,1.57
All items,1986-11-01,110.4,1.28
All items,1986-12-01,110.8,1.19
All items,1987-01-01,111.4,1.36
All items,1987-02-01,111.8,1.91
All items,1987-03-01,112.2,2.84
All items,1987-04-01,112.7,3.68
All items,1987-05-01,113.0,3.67
All items,1987-06-01,113.5,3.75
All items,1987-07-01,113.8,3.93
All items,1987-08-01,114.3,4.29
All items,1987-09-01,114.7,4.27
All items,1987-10-01,115.0,4.36
All items,1987-11-01,115.4,4.53
All items,1987-12-01,115.6,4.33
All items,1988-01-01,116.0,4.13
All items,1988-02-01,116.2,3.94
All items,1988-03-01,116.5,3.83
All items,1988-04-01,117.2,3.99
All items,1988-05-01,117.5,3.98
All items,1988-06-01,118.0,3.96
All items,1988-07-01,118.5,4.13
All items,1988-08-01,119.0,4.11
All items,1988-09-01,119.5,4.18
All items,1988-10-01,119.9,4.26
All items,1988-11-01,120.3,4.25
All items,1988-12-01,120.7,4.41
All items,1989-01-01,121.2,4.48
All items,1989-02-01,121.6,4.65
All items,1989-03-01,122.2,4.89
All items,1989-04-01,123.1,5.03
All items,1989-05-01,123.7,5.28
All items,1989-06-01,124.1,5.17
All items,1989-07-01,124.5,5.06
All items,1989-08-01,124.5,4.62
All items,1989-09-01,124.8,4.44
All items,1989-10-01,125.4,4.59
All items,1989-11-01,125.9,4.66
All items,1989-12-01,126.3,4.64
All items,1990-01-01,127.5,5.2
All items,1990-02-01,128.0,5.26
All items,1990-03-01,128.6,5.24
All items,1990-04-01,128.9,4.71
All items,1990-05-01,129.1,4.37
All items,1990-06-01,129.9,4.67
All items,1990-07-01,130.5,4.82
All items,1990-08-01,131.6,5.7
All items,1990-09-01,132.5,6.17
All items,1990-10-01,133.4,6.38
All items,1990-11-01,133.7,6.2
All items,1990-12-01,134.2,6.25
All items,1991-01-01,134.7,5.65
All items,1991-02-01,134.8,5.31
All items,1991-03-01,134.8,4.82
All items,1991-04-01,135.1,4.81
All items,1991-05-01,135.6,5.03
All items,1991-06-01,136.0,4.7
All items,1991-07-01,136.2,4.37
All items,1991-08-01,136.6,3.8
All items,1991-09-01,137.0,3.4
All items,1991-10-01,137.2,2.85
All items,1991-11-01,137.8,3.07
All items,1991-12-01,138.2,2.98
All items,1992-01-01,138.3,2.67
All items,1992-02-01,138.6,2.82
All items,1992-03-01,139.1,3.19
All items,1992-04-01,139.4,3.18
All items,1992-05-01,139.7,3.02
All items,1992-06-01,140.1,3.01
All items,1992-07-01,140.5,3.16
All items,1992-08-01,140.8,3.07
All items,1992-09-01,141.1,2.99
All items,1992-10-01,141.7,3.28
All items,1992-11-01,142.1,3.12
All items,1992-12-01,142.3,2.97
All items,1993-01-01,142.8,3.25
All items,1993-02-01,143.1,3.25
All items,1993-03-01,143.3,3.02
All items,1993-04-01,143.8,3.16
All items,1993-05-01,144.2,3.22
All items,1993-06-01,144.3,3.0
All items,1993-07-01,144.5,2.85
All items,1993-08-01,144.8,2.84
All items,1993-09-01,145.0,2.76
All items,1993-10-01,145.6,2.75
All items,1993-11-01,146.0,2.74
All items,1993-12-01,146.3,2.81
All items,1994-01-01,146.3,2.45
All items,1994-02-01,146.7,2.52
All items,1994-03-01,147.1,2.65
All items,1994-04-01,147.2,2.36
All items,1994-05-01,147.5,2.29
All items,1994-06-01,147.9,2.49
All items,1994-07-01,148.4,2.7
All items,1994-08-01,149.0,2.9
All items,1994-09-01,149.3,2.97
All items,1994-10-01,149.4,2.61
All items,1994-11-01,149.8,2.6
All items,1994-12-01,150.1,2.6
All items,1995-01-01,150.5,2.87
All items,1995-02-01,150.9,2.86
All items,1995-03-01,151.2,2.79
All items,1995-04-01,151.8,3.13
All items,1995-05-01,152.1,3.12
All items,1995-06-01,152.4,3.04
All items,1995-07-01,152.6,2.83
All items,1995-08-01,152.9,2.62
All items,1995-09-01,153.1,2.55
All items,1995-10-01,153.5,2.74
All items,1995-11-01,153.7,2.6
All items,1995-12-01,153.9,2.53
All items,1996-01-01,154.7,2.79
All items,1996-02-01,155.0,2.72
All items,1996-03-01,155.5,2.84
All items,1996-04-01,156.1,2.83
All items,1996-05-01,156.4,2.83
All items,1996-06-01,156.7,2.82
All items,1996-07-01,157.0,2.88
All items,1996-08-01,157.2,2.81
All items,1996-09-01,157.7,3.0
All items,1996-10-01,158.2,3.06
All items,1996-11-01,158.7,3.25
All items,1996-12-01,159.1,3.38
All items,1997-01-01,159.4,3.04
All items,1997-02-01,159.7,3.03
All items,1997-03-01,159.8,2.77
All items,1997-04-01,159.9,2.43
All items,1997-05-01,159.9,2.24
All items,1997-06-01,160.2,2.23
All items,1997-07-01,160.4,2.17
All items,1997-08-01,160.8,2.29
All items,1997-09-01,161.2,2.22
All items,1997-10-01,161.5,2.09
All items,1997-11-01,161.7,1.89
All items,1997-12-01,161.8,1.7
All items,1998-01-01,162.0,1.63
All items,1998-02-01,162.0,1.44
All items,1998-03-01,162.0,1.38
All items,1998-04-01,162.2,1.44
All items,1998-05-01,162.6,1.69
All items,1998-06-01,162.8,1.62
All items,1998-07-01,163.2,1.75
All items,1998-08-01,163.4,1.62
All items,1998-09-01,163.5,1.43
All items,1998-10-01,163.9,1.49
All items,1998-11-01,164.1,1.48
All items,1998-12-01,164.4,1.61
All items,1999-01-01,164.7,1.67
All items,1999-02-01,164.7,1.67
All items,1999-03-01,164.8,1.73
All items,1999-04-01,165.9,2.28
All items,1999-05-01,166.0,2.09
All items,1999-06-01,166.0,1.97
All items,1999-07-01,166.7,2.14
All items,1999-08-01,167.1,2.26
All items,1999-09-01,167.8,2.63
All items,1999-10-01,168.1,2.56
All items,1999-11-01,168.4,2.62
All items,1999-12-01,168.8,2.68
All items,2000-01-01,169.3,2.79
All items,2000-02-01,170.0,3.22
All items,2000-03-01,171.0,3.76
All items,2000-04-01,170.9,3.01
All items,2000-05-01,171.2,3.13
All items,2000-06-01,172.2,3.73
All items,2000-07-01,172.7,3.6
All items,2000-08-01,172.7,3.35
All items,2000-09-01,173.6,3.46
All items,2000-10-01,173.9,3.45
All items,2000-11-01,174.2,3.44
All items,2000-12-01,174.6,3.44
All items,2001-01-01,175.6,3.72
All items,2001-02-01,176.0,3.53
All items,2001-03-01,176.1,2.98
All items,2001-04-01,176.4,3.22
All items,2001-05-01,177.3,3.56
All items,2001-06-01,177.7,3.19
All items,2001-07-01,177.4,2.72
All items,2001-08-01,177.4,2.72
All items,2001-09-01,178.1,2.59
All items,2001-10-01,177.6,2.13
All items,2001-11-01,177.5,1.89
All items,2001-12-01,177.4,1.6
All items,2002-01-01,177.7,1.2
All items,2002-02-01,178.0,1.14
All items,2002-03-01,178.5,1.36
All items,2002-04-01,179.3,1.64
All items,2002-05-01,179.5,1.24
All items,2002-06-01,179.6,1.07
All items,2002-07-01,180.0,1.47
All items,2002-08-01,180.5,1.75
All items,2002-09-01,180.8,1.52
All items,2002-10-01,181.2,2.03
All items,2002-11-01,181.5,2.25
All items,2002-12-01,181.8,2.48
All items,2003-01-01,182.6,2.76
All items,2003-02-01,183.6,3.15
All items,2003-03-01,183.9,3.03
All items,2003-04-01,183.2,2.18
All items,2003-05-01,182.9,1.89
All items,2003-06-01,183.1,1.95
All items,2003-07-01,183.7,2.06
All items,2003-08-01,184.5,2.22
All items,2003-09-01,185.1,2.38
All items,2003-10-01,184.9,2.04
All items,2003-11-01,185.0,1.93
All items,2003-12-01,185.5,2.04
All items,2004-01-01,186.3,2.03
All items,2004-02-01,186.7,1.69
All items,2004-03-01,187.1,1.74
All items,2004-04-01,187.4,2.29
All items,2004-05-01,188.2,2.9
All items,2004-06-01,188.9,3.17
All items,2004-07-01,189.1,2.94
All items,2004-08-01,189.2,2.55
All items,2004-09-01,189.8,2.54
All items,2004-10-01,190.8,3.19
All items,2004-11-01,191.7,3.62
All items,2004-12-01,191.7,3.34
All items,2005-01-01,191.6,2.84
All items,2005-02-01,192.4,3.05
All items,2005-03-01,193.1,3.21
All items,2005-04-01,193.7,3.36
All items,2005-05-01,193.6,2.87
All items,2005-06-01,193.7,2.54
All items,2005-07-01,194.9,3.07
All items,2005-08-01,196.1,3.65
All items,2005-09-01,198.8,4.74
All items,2005-10-01,199.1,4.35
All items,2005-11-01,198.1,3.34
All items,2005-12-01,198.1,3.34
All items,2006-01-01,199.3,4.02
All items,2006-02-01,199.4,3.64
All items,2006-03-01,199.7,3.42
All items,2006-04-01,200.7,3.61
All items,2006-05-01,201.3,3.98
All items,2006-06-01,201.8,4.18
All items,2006-07-01,202.9,4.1
All items,2006-08-01,203.8,3.93
All items,2006-09-01,202.8,2.01
All items,2006-10-01,201.9,1.41
All items,2006-11-01,202.0,1.97
All items,2006-12-01,203.1,2.52
All items,2007-01-01,203.437,2.08
All items,2007-02-01,204.226,2.42
All items,2007-03-01,205.288,2.8
All items,2007-04-01,205.904,2.59
All items,2007-05-01,206.755,2.71
All items,2007-06-01,207.234,2.69
All items,2007-07-01,207.603,2.32
All items,2007-08-01,207.667,1.9
All items,2007-09-01,208.547,2.83
All items,2007-10-01,209.19,3.61
All items,2007-11-01,210.834,4.37
All items,2007-12-01,211.445,4.11
All items,2008-01-01,212.174,4.29
All items,2008-02-01,212.687,4.14
All items,2008-03-01,213.448,3.97
All items,2008-04-01,213.942,3.9
All items,2008-05-01,215.208,4.09
All items,2008-06-01,217.463,4.94
All items,2008-07-01,219.016,5.5
All items,2008-08-01,218.69,5.31
All items,2008-09-01,218.877,4.95
All items,2008-10-01,216.995,3.73
All items,2008-11-01,213.153,1.1
All items,2008-12-01,211.398,-0.02
All items,2009-01-01,211.933,-0.11
All items,2009-02-01,212.705,0.01
All items,2009-03-01,212.495,-0.45
All items,2009-04-01,212.709,-0.58
All items,2009-05-01,213.022,-1.02
All items,2009-06-01,214.79,-1.23
All items,2009-07-01,214.726,-1.96
All items,2009-08-01,215.445,-1.48
All items,2009-09-01,215.861,-1.38
All items,2009-10-01,216.509,-0.22
All items,2009-11-01,217.234,1.91
All items,2009-12-01,217.347,2.81
All items,2010-01-01,217.488,2.62
All items,2010-02-01,217.281,2.15
All items,2010-03-01,217.353,2.29
All items,2010-04-01,217.403,2.21
All items,2010-05-01,217.29,2.0
All items,2010-06-01,217.199,1.12
All items,2010-07-01,217.605,1.34
All items,2010-08-01,217.923,1.15
All items,2010-09-01,218.275,1.12
All items,2010-10-01,219.035,1.17
All items,2010-11-01,219.59,1.08
All items,2010-12-01,220.472,1.44
All items,2011-01-01,221.187,1.7
All items,2011-02-01,221.898,2.12
All items,2011-03-01,223.046,2.62
All items,2011-04-01,224.093,3.08
All items,2011-05-01,224.806,3.46
All items,2011-06-01,224.806,3.5
All items,2011-07-01,225.395,3.58
All items,2011-08-01,226.106,3.75
All items,2011-09-01,226.597,3.81
All items,2011-10-01,226.75,3.52
All items,2011-11-01,227.169,3.45
All items,2011-12-01,227.223,3.06
All items,2012-01-01,227.842,3.01
All items,2012-02-01,228.329,2.9
All items,2012-03-01,228.807,2.58
All items,2012-04-01,229.187,2.27
All items,2012-05-01,228.713,1.74
All items,2012-06-01,228.524,1.65
All items,2012-07-01,228.59,1.42
All items,2012-08-01,229.918,1.69
All items,2012-09-01,231.015,1.95
All items,2012-10-01,231.638,2.16
All items,2012-11-01,231.249,1.8
All items,2012-12-01,231.221,1.76
All items,2013-01-01,231.679,1.68
All items,2013-02-01,232.937,2.02
All items,2013-03-01,232.282,1.52
All items,2013-04-01,231.797,1.14
All items,2013-05-01,231.893,1.39
All items,2013-06-01,232.445,1.72
All items,2013-07-01,232.9,1.89
All items,2013-08-01,233.456,1.54
All items,2013-09-01,233.544,1.09
All items,2013-10-01,233.669,0.88
All items,2013-11-01,234.1,1.23
All items,2013-12-01,234.719,1.51
All items,2014-01-01,235.288,1.56
All items,2014-02-01,235.547,1.12
All items,2014-03-01,236.028,1.61
All items,2014-04-01,236.468,2.02
All items,2014-05-01,236.918,2.17
All items,2014-06-01,237.231,2.06
All items,2014-07-01,237.498,1.97
All items,2014-08-01,237.46,1.72
All items,2014-09-01,237.477,1.68
All items,2014-10-01,237.43,1.61
All items,2014-11-01,236.983,1.23
All items,2014-12-01,236.252,0.65
All items,2015-01-01,234.747,-0.23
All items,2015-02-01,235.342,-0.09
All items,2015-03-01,235.976,-0.02
All items,2015-04-01,236.222,-0.1
All items,2015-05-01,237.001,0.04
All items,2015-06-01,237.657,0.18
All items,2015-07-01,238.034,0.23
All items,2015-08-01,238.033,0.24
All items,2015-09-01,237.498,0.01
All items,2015-10-01,237.733,0.13
All items,2015-11-01,238.017,0.44
All items,2015-12-01,237.761,0.64
All items,2016-01-01,237.652,1.24
All items,2016-02-01,237.336,0.85
All items,2016-03-01,238.08,0.89
All items,2016-04-01,238.992,1.17
All items,2016-05-01,239.557,1.08
All items,2016-06-01,240.222,1.08
All items,2016-07-01,240.101,0.87
All items,2016-08-01,240.545,1.06
All items,2016-09-01,241.176,1.55
All items,2016-10-01,241.741,1.69
All items,2016-11-01,242.026,1.68
All items,2016-12-01,242.637,2.05
All items,2017-01-01,243.618,2.51
All items,2017-02-01,244.006,2.81
All items,2017-03-01,243.892,2.44
All items,2017-04-01,244.193,2.18
All items,2017-05-01,244.004,1.86
All items,2017-06-01,244.163,1.64
All items,2017-07-01,244.243,1.73
All items,2017-08-01,245.183,1.93
All items,2017-09-01,246.435,2.18
All items,2017-10-01,246.626,2.02
All items,2017-11-01,247.284,2.17
All items,2017-12-01,247.805,2.13
All items,2018-01-01,248.859,2.15
All items,2018-02-01,249.529,2.26
All items,2018-03-01,249.577,2.33
All items,2018-04-01,250.227,2.47
All items,2018-05-01,250.792,2.78
All items,2018-06-01,251.018,2.81
All items,2018-07-01,251.214,2.85
All items,2018-08-01,251.663,2.64
All items,2018-09-01,252.182,2.33
All items,2018-10-01,252.772,2.49
All items,2018-11-01,252.594,2.15
All items,2018-12-01,252.767,2.0
All items,2019-01-01,252.561,1.49
All items,2019-02-01,253.319,1.52
All items,2019-03-01,254.277,1.88
All items,2019-04-01,255.233,2.0
All items,2019-05-01,255.296,1.8
All items,2019-06-01,255.213,1.67
All items,2019-07-01,255.802,1.83
All items,2019-08-01,256.036,1.74
All items,2019-09-01,256.43,1.68
All items,2019-10-01,257.155,1.73
All items,2019-11-01,257.879,2.09
All items,2019-12-01,258.63,2.32
All items,2020-01-01,259.127,2.6
All items,2020-02-01,259.25,2.34
All items,2020-03-01,258.076,1.49
All items,2020-04-01,256.032,0.31
All items,2020-05-01,255.802,0.2
All items,2020-06-01,257.042,0.72
All items,2020-07-01,258.352,1.0
All items,2020-08-01,259.316,1.28
All items,2020-09-01,259.997,1.39
All items,2020-10-01,260.319,1.23
All items,2020-11-01,260.911,1.18
All items,2020-12-01,262.045,1.32
All items,2021-01-01,262.687,1.37
All items,2021-02-01,263.579,1.67
All items,2021-03-01,264.961,2.67
All items,2021-04-01,266.614,4.13
All items,2021-05-01,268.383,4.92
All items,2021-06-01,270.654,5.3
All items,2021-07-01,271.903,5.25
All items,2021-08-01,272.676,5.15
All items,2021-09-01,273.91,5.35
All items,2021-10-01,276.55,6.24
All items,2021-11-01,278.919,6.9
All items,2021-12-01,280.845,7.17
All items,2022-01-01,282.543,7.56
All items,2022-02-01,284.5,7.94
All items,2022-03-01,287.674,8.57
All items,2022-04-01,288.561,8.23
All items,2022-05-01,291.298,8.54
All items,2022-06-01,294.957,8.98
All items,2022-07-01,294.913,8.46
All items,2022-08-01,295.097,8.22
All items,2022-09-01,296.349,8.19
All items,2022-10-01,298.007,7.76
All items,2022-11-01,298.786,7.12
All items,2022-12-01,298.832,6.4
All items,2023-01-01,300.42,6.33
All items,2023-02-01,301.45,5.96
All items,2023-03-01,301.821,4.92
All items,2023-04-01,302.845,4.95
All items,2023-05-01,303.334,4.13
All items,2023-06-01,304.014,3.07
All items,2023-07-01,304.609,3.29
All items,2023-08-01,306.082,3.72
All items,2023-09-01,307.276,3.69
All items,2023-10-01,307.696,3.25
All items,2023-11-01,308.148,3.13
All items,2023-12-01,308.741,3.32
All items,2024-01-01,309.698,3.09
All items,2024-02-01,310.967,3.16
All items,2024-03-01,312.345,3.49
All items,2024-04-01,313.023,3.36
All items,2024-05-01,313.175,3.24
All items,2024-06-01,313.044,2.97
All items,2024-07-01,313.569,2.94
All items,2024-08-01,314.062,2.61
All items,2024-09-01,314.732,2.43
All items,2024-10-01,315.631,2.58
All items,2024-11-01,316.528,2.72
All items,2024-12-01,317.604,2.87
All items,2025-01-01,318.961,2.99
All items,2025-02-01,319.679,2.8
All items,2025-03-01,319.785,2.38
All items,2025-04-01,320.302,2.33
All items,2025-05-01,320.62,2.38
All items,2025-06-01,321.435,2.68
All items,2025-07-01,322.169,2.74
All items,2025-08-01,323.291,2.94
All items,2025-09-01,324.245,3.02
All items,2025-11-01,325.063,2.99
All items,2025-12-01,326.031,3.0
All items,2026-01-01,326.588,2.83
All items,2026-02-01,327.46,2.66
All items,2026-03-01,330.293,3.32
All items,2026-04-01,332.407,3.95
All items,2026-05-01,333.979,4.27
Apparel,1947-01-01,38.4,
Apparel,1947-02-01,38.8,
Apparel,1947-03-01,39.4,
Apparel,1947-04-01,39.7,
Apparel,1947-05-01,39.8,
Apparel,1947-06-01,40.0,
Apparel,1947-07-01,40.0,
Apparel,1947-08-01,40.1,
Apparel,1947-09-01,40.2,
Apparel,1947-10-01,40.4,
Apparel,1947-11-01,40.6,
Apparel,1947-12-01,41.0,
Apparel,1948-01-01,41.3,7.55
Apparel,1948-02-01,41.8,7.73
Apparel,1948-03-01,42.0,6.6
Apparel,1948-04-01,42.1,6.05
Apparel,1948-05-01,42.5,6.78
Apparel,1948-06-01,42.4,6.0
Apparel,1948-07-01,42.7,6.75
Apparel,1948-08-01,43.1,7.48
Apparel,1948-09-01,43.1,7.21
Apparel,1948-10-01,43.1,6.68
Apparel,1948-11-01,43.0,5.91
Apparel,1948-12-01,43.0,4.88
Apparel,1949-01-01,42.2,2.18
Apparel,1949-02-01,41.8,0.0
Apparel,1949-03-01,41.6,-0.95
Apparel,1949-04-01,41.3,-1.9
Apparel,1949-05-01,41.1,-3.29
Apparel,1949-06-01,41.0,-3.3
Apparel,1949-07-01,40.8,-4.45
Apparel,1949-08-01,40.5,-6.03
Apparel,1949-09-01,40.2,-6.73
Apparel,1949-10-01,39.9,-7.42
Apparel,1949-11-01,39.8,-7.44
Apparel,1949-12-01,39.8,-7.44
Apparel,1950-01-01,39.7,-5.92
Apparel,1950-02-01,39.7,-5.02
Apparel,1950-03-01,39.7,-4.57
Apparel,1950-04-01,39.7,-3.87
Apparel,1950-05-01,39.7,-3.41
Apparel,1950-06-01,39.7,-3.17
Apparel,1950-07-01,39.9,-2.21
Apparel,1950-08-01,40.1,-0.99
Apparel,1950-09-01,40.6,1.0
Apparel,1950-10-01,41.2,3.26
Apparel,1950-11-01,41.5,4.27
Apparel,1950-12-01,41.9,5.28
Apparel,1951-01-01,42.6,7.3
Apparel,1951-02-01,43.3,9.07
Apparel,1951-03-01,43.5,9.57
Apparel,1951-04-01,43.8,10.33
Apparel,1951-05-01,43.9,10.58
Apparel,1951-06-01,43.9,10.58
Apparel,1951-07-01,44.0,10.28
Apparel,1951-08-01,44.0,9.73
Apparel,1951-09-01,44.8,10.34
Apparel,1951-10-01,44.7,8.5
Apparel,1951-11-01,44.4,6.99
Apparel,1951-12-01,44.3,5.73
Apparel,1952-01-01,43.9,3.05
Apparel,1952-02-01,43.9,1.39
Apparel,1952-03-01,43.7,0.46
Apparel,1952-04-01,43.6,-0.46
Apparel,1952-05-01,43.6,-0.68
Apparel,1952-06-01,43.5,-0.91
Apparel,1952-07-01,43.5,-1.14
Apparel,1952-08-01,43.4,-1.36
Apparel,1952-09-01,43.3,-3.35
Apparel,1952-10-01,43.1,-3.58
Apparel,1952-11-01,43.0,-3.15
Apparel,1952-12-01,43.0,-2.93
Apparel,1953-01-01,43.0,-2.05
Apparel,1953-02-01,43.0,-2.05
Apparel,1953-03-01,43.0,-1.6
Apparel,1953-04-01,43.1,-1.15
Apparel,1953-05-01,43.2,-0.92
Apparel,1953-06-01,43.3,-0.46
Apparel,1953-07-01,43.3,-0.46
Apparel,1953-08-01,43.2,-0.46
Apparel,1953-09-01,43.2,-0.23
Apparel,1953-10-01,43.2,0.23
Apparel,1953-11-01,43.3,0.7
Apparel,1953-12-01,43.2,0.47
Apparel,1954-01-01,43.3,0.7
Apparel,1954-02-01,43.2,0.47
Apparel,1954-03-01,43.0,0.0
Apparel,1954-04-01,43.0,-0.23
Apparel,1954-05-01,43.1,-0.23
Apparel,1954-06-01,43.2,-0.23
Apparel,1954-07-01,43.1,-0.46
Apparel,1954-08-01,43.0,-0.46
Apparel,1954-09-01,42.9,-0.69
Apparel,1954-10-01,42.9,-0.69
Apparel,1954-11-01,42.9,-0.92
Apparel,1954-12-01,42.9,-0.69
Apparel,1955-01-01,42.8,-1.15
Apparel,1955-02-01,42.8,-0.93
Apparel,1955-03-01,42.7,-0.7
Apparel,1955-04-01,42.8,-0.47
Apparel,1955-05-01,42.8,-0.7
Apparel,1955-06-01,42.8,-0.93
Apparel,1955-07-01,42.8,-0.7
Apparel,1955-08-01,42.9,-0.23
Apparel,1955-09-01,43.0,0.23
Apparel,1955-10-01,43.0,0.23
Apparel,1955-11-01,43.0,0.23
Apparel,1955-12-01,43.1,0.47
Apparel,1956-01-01,43.2,0.93
Apparel,1956-02-01,43.5,1.64
Apparel,1956-03-01,43.5,1.87
Apparel,1956-04-01,43.6,1.87
Apparel,1956-05-01,43.6,1.87
Apparel,1956-06-01,43.6,1.87
Apparel,1956-07-01,43.8,2.34
Apparel,1956-08-01,43.9,2.33
Apparel,1956-09-01,44.0,2.33
Apparel,1956-10-01,44.0,2.33
Apparel,1956-11-01,44.1,2.56
Apparel,1956-12-01,44.3,2.78
Apparel,1957-01-01,44.3,2.55
Apparel,1957-02-01,44.3,1.84
Apparel,1957-03-01,44.5,2.3
Apparel,1957-04-01,44.4,1.83
Apparel,1957-05-01,44.5,2.06
Apparel,1957-06-01,44.5,2.06
Apparel,1957-07-01,44.5,1.6
Apparel,1957-08-01,44.6,1.59
Apparel,1957-09-01,44.5,1.14
Apparel,1957-10-01,44.6,1.36
Apparel,1957-11-01,44.7,1.36
Apparel,1957-12-01,44.6,0.68
Apparel,1958-01-01,44.8,1.13
Apparel,1958-02-01,44.7,0.9
Apparel,1958-03-01,44.7,0.45
Apparel,1958-04-01,44.7,0.68
Apparel,1958-05-01,44.7,0.45
Apparel,1958-06-01,44.8,0.67
Apparel,1958-07-01,44.7,0.45
Apparel,1958-08-01,44.7,0.22
Apparel,1958-09-01,44.5,0.0
Apparel,1958-10-01,44.5,-0.22
Apparel,1958-11-01,44.7,0.0
Apparel,1958-12-01,44.7,0.22
Apparel,1959-01-01,44.8,0.0
Apparel,1959-02-01,44.7,0.0
Apparel,1959-03-01,44.7,0.0
Apparel,1959-04-01,44.8,0.22
Apparel,1959-05-01,44.9,0.45
Apparel,1959-06-01,45.0,0.45
Apparel,1959-07-01,45.1,0.89
Apparel,1959-08-01,45.2,1.12
Apparel,1959-09-01,45.3,1.8
Apparel,1959-10-01,45.3,1.8
Apparel,1959-11-01,45.3,1.34
Apparel,1959-12-01,45.3,1.34
Apparel,1960-01-01,45.3,1.12
Apparel,1960-02-01,45.5,1.79
Apparel,1960-03-01,45.5,1.79
Apparel,1960-04-01,45.6,1.79
Apparel,1960-05-01,45.7,1.78
Apparel,1960-06-01,45.7,1.56
Apparel,1960-07-01,45.8,1.55
Apparel,1960-08-01,45.8,1.33
Apparel,1960-09-01,45.9,1.32
Apparel,1960-10-01,46.0,1.55
Apparel,1960-11-01,45.9,1.32
Apparel,1960-12-01,45.9,1.32
Apparel,1961-01-01,46.0,1.55
Apparel,1961-02-01,46.0,1.1
Apparel,1961-03-01,46.0,1.1
Apparel,1961-04-01,45.9,0.66
Apparel,1961-05-01,46.0,0.66
Apparel,1961-06-01,46.0,0.66
Apparel,1961-07-01,46.1,0.66
Apparel,1961-08-01,46.1,0.66
Apparel,1961-09-01,46.2,0.65
Apparel,1961-10-01,46.2,0.43
Apparel,1961-11-01,46.1,0.44
Apparel,1961-12-01,46.1,0.44
Apparel,1962-01-01,46.0,0.0
Apparel,1962-02-01,46.1,0.22
Apparel,1962-03-01,46.2,0.43
Apparel,1962-04-01,46.2,0.65
Apparel,1962-05-01,46.2,0.43
Apparel,1962-06-01,46.3,0.65
Apparel,1962-07-01,46.4,0.65
Apparel,1962-08-01,46.2,0.22
Apparel,1962-09-01,46.6,0.87
Apparel,1962-10-01,46.7,1.08
Apparel,1962-11-01,46.5,0.87
Apparel,1962-12-01,46.4,0.65
Apparel,1963-01-01,46.6,1.3
Apparel,1963-02-01,46.7,1.3
Apparel,1963-03-01,46.7,1.08
Apparel,1963-04-01,46.8,1.3
Apparel,1963-05-01,46.7,1.08
Apparel,1963-06-01,46.8,1.08
Apparel,1963-07-01,46.9,1.08
Apparel,1963-08-01,47.0,1.73
Apparel,1963-09-01,47.0,0.86
Apparel,1963-10-01,47.1,0.86
Apparel,1963-11-01,47.2,1.51
Apparel,1963-12-01,47.2,1.72
Apparel,1964-01-01,47.2,1.29
Apparel,1964-02-01,47.2,1.07
Apparel,1964-03-01,47.2,1.07
Apparel,1964-04-01,47.3,1.07
Apparel,1964-05-01,47.3,1.28
Apparel,1964-06-01,47.3,1.07
Apparel,1964-07-01,47.4,1.07
Apparel,1964-08-01,47.4,0.85
Apparel,1964-09-01,47.2,0.43
Apparel,1964-10-01,47.2,0.21
Apparel,1964-11-01,47.3,0.21
Apparel,1964-12-01,47.4,0.42
Apparel,1965-01-01,47.5,0.64
Apparel,1965-02-01,47.5,0.64
Apparel,1965-03-01,47.5,0.64
Apparel,1965-04-01,47.6,0.63
Apparel,1965-05-01,47.7,0.85
Apparel,1965-06-01,47.8,1.06
Apparel,1965-07-01,47.7,0.63
Apparel,1965-08-01,47.8,0.84
Apparel,1965-09-01,47.8,1.27
Apparel,1965-10-01,47.9,1.48
Apparel,1965-11-01,48.0,1.48
Apparel,1965-12-01,48.1,1.48
Apparel,1966-01-01,48.3,1.68
Apparel,1966-02-01,48.4,1.89
Apparel,1966-03-01,48.5,2.11
Apparel,1966-04-01,48.7,2.31
Apparel,1966-05-01,48.8,2.31
Apparel,1966-06-01,48.9,2.3
Apparel,1966-07-01,49.1,2.94
Apparel,1966-08-01,49.1,2.72
Apparel,1966-09-01,49.4,3.35
Apparel,1966-10-01,49.6,3.55
Apparel,1966-11-01,49.7,3.54
Apparel,1966-12-01,49.9,3.74
Apparel,1967-01-01,50.1,3.73
Apparel,1967-02-01,50.3,3.93
Apparel,1967-03-01,50.4,3.92
Apparel,1967-04-01,50.6,3.9
Apparel,1967-05-01,50.7,3.89
Apparel,1967-06-01,50.9,4.09
Apparel,1967-07-01,51.1,4.07
Apparel,1967-08-01,51.3,4.48
Apparel,1967-09-01,51.3,3.85
Apparel,1967-10-01,51.5,3.83
Apparel,1967-11-01,51.6,3.82
Apparel,1967-12-01,51.9,4.01
Apparel,1968-01-01,52.1,3.99
Apparel,1968-02-01,52.4,4.17
Apparel,1968-03-01,52.7,4.56
Apparel,1968-04-01,53.0,4.74
Apparel,1968-05-01,53.3,5.13
Apparel,1968-06-01,53.5,5.11
Apparel,1968-07-01,53.9,5.48
Apparel,1968-08-01,54.2,5.65
Apparel,1968-09-01,54.5,6.24
Apparel,1968-10-01,54.8,6.41
Apparel,1968-11-01,54.9,6.4
Apparel,1968-12-01,55.2,6.36
Apparel,1969-01-01,55.5,6.53
Apparel,1969-02-01,55.7,6.3
Apparel,1969-03-01,55.9,6.07
Apparel,1969-04-01,56.2,6.04
Apparel,1969-05-01,56.4,5.82
Apparel,1969-06-01,56.7,5.98
Apparel,1969-07-01,57.0,5.75
Apparel,1969-08-01,57.0,5.17
Apparel,1969-09-01,57.4,5.32
Apparel,1969-10-01,57.6,5.11
Apparel,1969-11-01,57.9,5.46
Apparel,1969-12-01,58.0,5.07
Apparel,1970-01-01,58.2,4.86
Apparel,1970-02-01,58.5,5.03
Apparel,1970-03-01,58.5,4.65
Apparel,1970-04-01,58.7,4.45
Apparel,1970-05-01,58.8,4.26
Apparel,1970-06-01,59.0,4.06
Apparel,1970-07-01,59.1,3.68
Apparel,1970-08-01,59.3,4.04
Apparel,1970-09-01,59.6,3.83
Apparel,1970-10-01,59.8,3.82
Apparel,1970-11-01,60.1,3.8
Apparel,1970-12-01,60.3,3.97
Apparel,1971-01-01,60.4,3.78
Apparel,1971-02-01,60.6,3.59
Apparel,1971-03-01,60.6,3.59
Apparel,1971-04-01,60.7,3.41
Apparel,1971-05-01,61.1,3.91
Apparel,1971-06-01,61.2,3.73
Apparel,1971-07-01,61.3,3.72
Apparel,1971-08-01,61.1,3.04
Apparel,1971-09-01,61.3,2.85
Apparel,1971-10-01,61.4,2.68
Apparel,1971-11-01,61.5,2.33
Apparel,1971-12-01,61.6,2.16
Apparel,1972-01-01,61.7,2.15
Apparel,1972-02-01,61.9,2.15
Apparel,1972-03-01,61.9,2.15
Apparel,1972-04-01,62.1,2.31
Apparel,1972-05-01,62.2,1.8
Apparel,1972-06-01,62.2,1.63
Apparel,1972-07-01,62.2,1.47
Apparel,1972-08-01,62.0,1.47
Apparel,1972-09-01,62.5,1.96
Apparel,1972-10-01,62.8,2.28
Apparel,1972-11-01,63.0,2.44
Apparel,1972-12-01,63.2,2.6
Apparel,1973-01-01,63.2,2.43
Apparel,1973-02-01,63.4,2.42
Apparel,1973-03-01,63.8,3.07
Apparel,1973-04-01,64.2,3.38
Apparel,1973-05-01,64.4,3.54
Apparel,1973-06-01,64.6,3.86
Apparel,1973-07-01,64.6,3.86
Apparel,1973-08-01,64.9,4.68
Apparel,1973-09-01,65.2,4.32
Apparel,1973-10-01,65.4,4.14
Apparel,1973-11-01,65.7,4.29
Apparel,1973-12-01,66.0,4.43
Apparel,1974-01-01,66.3,4.91
Apparel,1974-02-01,67.0,5.68
Apparel,1974-03-01,67.5,5.8
Apparel,1974-04-01,68.2,6.23
Apparel,1974-05-01,68.7,6.68
Apparel,1974-06-01,69.2,7.12
Apparel,1974-07-01,69.5,7.59
Apparel,1974-08-01,70.8,9.09
Apparel,1974-09-01,71.0,8.9
Apparel,1974-10-01,71.2,8.87
Apparel,1974-11-01,71.7,9.13
Apparel,1974-12-01,71.7,8.64
Apparel,1975-01-01,71.8,8.3
Apparel,1975-02-01,72.0,7.46
Apparel,1975-03-01,72.1,6.81
Apparel,1975-04-01,72.1,5.72
Apparel,1975-05-01,72.2,5.09
Apparel,1975-06-01,72.2,4.34
Apparel,1975-07-01,72.6,4.46
Apparel,1975-08-01,72.6,2.54
Apparel,1975-09-01,72.7,2.39
Apparel,1975-10-01,73.0,2.53
Apparel,1975-11-01,73.2,2.09
Apparel,1975-12-01,73.4,2.37
Apparel,1976-01-01,73.7,2.65
Apparel,1976-02-01,74.0,2.78
Apparel,1976-03-01,74.2,2.91
Apparel,1976-04-01,74.3,3.05
Apparel,1976-05-01,74.6,3.32
Apparel,1976-06-01,74.9,3.74
Apparel,1976-07-01,75.3,3.72
Apparel,1976-08-01,75.8,4.41
Apparel,1976-09-01,76.1,4.68
Apparel,1976-10-01,76.2,4.38
Apparel,1976-11-01,76.5,4.51
Apparel,1976-12-01,76.8,4.63
Apparel,1977-01-01,77.2,4.75
Apparel,1977-02-01,77.6,4.86
Apparel,1977-03-01,77.5,4.45
Apparel,1977-04-01,77.6,4.44
Apparel,1977-05-01,78.1,4.69
Apparel,1977-06-01,78.5,4.81
Apparel,1977-07-01,79.1,5.05
Apparel,1977-08-01,79.2,4.49
Apparel,1977-09-01,79.1,3.94
Apparel,1977-10-01,79.3,4.07
Apparel,1977-11-01,79.8,4.31
Apparel,1977-12-01,80.1,4.3
Apparel,1978-01-01,80.1,3.76
Apparel,1978-02-01,79.5,2.45
Apparel,1978-03-01,79.9,3.1
Apparel,1978-04-01,80.7,3.99
Apparel,1978-05-01,81.3,4.1
Apparel,1978-06-01,81.6,3.95
Apparel,1978-07-01,81.5,3.03
Apparel,1978-08-01,81.7,3.16
Apparel,1978-09-01,81.9,3.54
Apparel,1978-10-01,82.4,3.91
Apparel,1978-11-01,82.6,3.51
Apparel,1978-12-01,82.6,3.12
Apparel,1979-01-01,83.0,3.62
Apparel,1979-02-01,83.3,4.78
Apparel,1979-03-01,83.6,4.63
Apparel,1979-04-01,84.0,4.09
Apparel,1979-05-01,84.5,3.94
Apparel,1979-06-01,84.7,3.8
Apparel,1979-07-01,84.8,4.05
Apparel,1979-08-01,85.0,4.04
Apparel,1979-09-01,85.6,4.52
Apparel,1979-10-01,86.1,4.49
Apparel,1979-11-01,86.6,4.84
Apparel,1979-12-01,87.3,5.69
Apparel,1980-01-01,88.1,6.14
Apparel,1980-02-01,88.7,6.48
Apparel,1980-03-01,89.7,7.3
Apparel,1980-04-01,90.1,7.26
Apparel,1980-05-01,90.3,6.86
Apparel,1980-06-01,90.6,6.97
Apparel,1980-07-01,90.9,7.19
Apparel,1980-08-01,91.4,7.53
Apparel,1980-09-01,92.0,7.48
Apparel,1980-10-01,92.7,7.67
Apparel,1980-11-01,93.1,7.51
Apparel,1980-12-01,93.3,6.87
Apparel,1981-01-01,93.4,6.02
Apparel,1981-02-01,93.9,5.86
Apparel,1981-03-01,94.3,5.13
Apparel,1981-04-01,94.7,5.11
Apparel,1981-05-01,94.8,4.98
Apparel,1981-06-01,95.0,4.86
Apparel,1981-07-01,95.4,4.95
Apparel,1981-08-01,95.9,4.92
Apparel,1981-09-01,96.1,4.46
Apparel,1981-10-01,96.4,3.99
Apparel,1981-11-01,96.4,3.54
Apparel,1981-12-01,96.7,3.64
Apparel,1982-01-01,96.7,3.53
Apparel,1982-02-01,97.0,3.3
Apparel,1982-03-01,97.3,3.18
Apparel,1982-04-01,97.5,2.96
Apparel,1982-05-01,97.6,2.95
Apparel,1982-06-01,97.7,2.84
Apparel,1982-07-01,98.1,2.83
Apparel,1982-08-01,98.1,2.29
Apparel,1982-09-01,98.1,2.08
Apparel,1982-10-01,98.3,1.97
Apparel,1982-11-01,98.3,1.97
Apparel,1982-12-01,98.2,1.55
Apparel,1983-01-01,98.6,1.96
Apparel,1983-02-01,99.1,2.16
Apparel,1983-03-01,99.1,1.85
Apparel,1983-04-01,99.3,1.85
Apparel,1983-05-01,99.9,2.36
Apparel,1983-06-01,100.3,2.66
Apparel,1983-07-01,100.9,2.85
Apparel,1983-08-01,101.0,2.96
Apparel,1983-09-01,100.8,2.75
Apparel,1983-10-01,100.6,2.34
Apparel,1983-11-01,100.9,2.64
Apparel,1983-12-01,101.1,2.95
Apparel,1984-01-01,101.5,2.94
Apparel,1984-02-01,101.2,2.12
Apparel,1984-03-01,101.3,2.22
Apparel,1984-04-01,101.2,1.91
Apparel,1984-05-01,101.4,1.5
Apparel,1984-06-01,101.3,1.0
Apparel,1984-07-01,101.9,0.99
Apparel,1984-08-01,102.5,1.49
Apparel,1984-09-01,102.7,1.88
Apparel,1984-10-01,103.0,2.39
Apparel,1984-11-01,103.0,2.08
Apparel,1984-12-01,103.1,1.98
Apparel,1985-01-01,103.2,1.67
Apparel,1985-02-01,104.1,2.87
Apparel,1985-03-01,104.5,3.16
Apparel,1985-04-01,104.5,3.26
Apparel,1985-05-01,104.4,2.96
Apparel,1985-06-01,105.1,3.75
Apparel,1985-07-01,105.2,3.24
Apparel,1985-08-01,105.3,2.73
Apparel,1985-09-01,105.5,2.73
Apparel,1985-10-01,105.7,2.62
Apparel,1985-11-01,106.0,2.91
Apparel,1985-12-01,106.1,2.91
Apparel,1986-01-01,106.1,2.81
Apparel,1986-02-01,105.4,1.25
Apparel,1986-03-01,105.0,0.48
Apparel,1986-04-01,105.0,0.48
Apparel,1986-05-01,104.9,0.48
Apparel,1986-06-01,104.9,-0.19
Apparel,1986-07-01,105.5,0.29
Apparel,1986-08-01,106.4,1.04
Apparel,1986-09-01,106.9,1.33
Apparel,1986-10-01,106.6,0.85
Apparel,1986-11-01,106.9,0.85
Apparel,1986-12-01,107.2,1.04
Apparel,1987-01-01,108.0,1.79
Apparel,1987-02-01,108.6,3.04
Apparel,1987-03-01,109.2,4.0
Apparel,1987-04-01,109.8,4.57
Apparel,1987-05-01,110.3,5.15
Apparel,1987-06-01,110.3,5.15
Apparel,1987-07-01,110.3,4.55
Apparel,1987-08-01,111.0,4.32
Apparel,1987-09-01,111.6,4.4
Apparel,1987-10-01,112.3,5.35
Apparel,1987-11-01,113.0,5.71
Apparel,1987-12-01,112.7,5.13
Apparel,1988-01-01,113.2,4.81
Apparel,1988-02-01,112.1,3.22
Apparel,1988-03-01,113.4,3.85
Apparel,1988-04-01,115.1,4.83
Apparel,1988-05-01,115.1,4.35
Apparel,1988-06-01,115.5,4.71
Apparel,1988-07-01,115.9,5.08
Apparel,1988-08-01,114.5,3.15
Apparel,1988-09-01,116.3,4.21
Apparel,1988-10-01,117.5,4.63
Apparel,1988-11-01,117.7,4.16
Apparel,1988-12-01,118.2,4.88
Apparel,1989-01-01,118.4,4.59
Apparel,1989-02-01,117.1,4.46
Apparel,1989-03-01,118.1,4.14
Apparel,1989-04-01,118.6,3.04
Apparel,1989-05-01,118.9,3.3
Apparel,1989-06-01,118.7,2.77
Apparel,1989-07-01,118.3,2.07
Apparel,1989-08-01,117.1,2.27
Apparel,1989-09-01,118.7,2.06
Apparel,1989-10-01,119.6,1.79
Apparel,1989-11-01,120.0,1.95
Apparel,1989-12-01,119.8,1.35
Apparel,1990-01-01,119.9,1.27
Apparel,1990-02-01,122.0,4.18
Apparel,1990-03-01,123.8,4.83
Apparel,1990-04-01,124.1,4.64
Apparel,1990-05-01,124.0,4.29
Apparel,1990-06-01,124.2,4.63
Apparel,1990-07-01,124.2,4.99
Apparel,1990-08-01,124.5,6.32
Apparel,1990-09-01,125.4,5.64
Apparel,1990-10-01,125.4,4.85
Apparel,1990-11-01,125.4,4.5
Apparel,1990-12-01,126.2,5.34
Apparel,1991-01-01,126.9,5.84
Apparel,1991-02-01,127.3,4.34
Apparel,1991-03-01,127.0,2.58
Apparel,1991-04-01,127.5,2.74
Apparel,1991-05-01,128.0,3.23
Apparel,1991-06-01,127.9,2.98
Apparel,1991-07-01,128.7,3.62
Apparel,1991-08-01,129.9,4.34
Apparel,1991-09-01,130.0,3.67
Apparel,1991-10-01,130.1,3.75
Apparel,1991-11-01,131.0,4.47
Apparel,1991-12-01,130.7,3.57
Apparel,1992-01-01,130.9,3.15
Apparel,1992-02-01,131.0,2.91
Apparel,1992-03-01,131.3,3.39
Apparel,1992-04-01,130.7,2.51
Apparel,1992-05-01,131.6,2.81
Apparel,1992-06-01,132.1,3.28
Apparel,1992-07-01,132.7,3.11
Apparel,1992-08-01,132.3,1.85
Apparel,1992-09-01,132.2,1.69
Apparel,1992-10-01,132.5,1.84
Apparel,1992-11-01,132.7,1.3
Apparel,1992-12-01,132.8,1.61
Apparel,1993-01-01,132.8,1.45
Apparel,1993-02-01,134.0,2.29
Apparel,1993-03-01,134.0,2.06
Apparel,1993-04-01,134.0,2.52
Apparel,1993-05-01,133.5,1.44
Apparel,1993-06-01,133.0,0.68
Apparel,1993-07-01,132.8,0.08
Apparel,1993-08-01,134.0,1.28
Apparel,1993-09-01,133.7,1.13
Apparel,1993-10-01,133.8,0.98
Apparel,1993-11-01,134.4,1.28
Apparel,1993-12-01,134.1,0.98
Apparel,1994-01-01,133.3,0.38
Apparel,1994-02-01,133.2,-0.6
Apparel,1994-03-01,133.8,-0.15
Apparel,1994-04-01,133.5,-0.37
Apparel,1994-05-01,134.0,0.37
Apparel,1994-06-01,134.8,1.35
Apparel,1994-07-01,134.2,1.05
Apparel,1994-08-01,133.2,-0.6
Apparel,1994-09-01,133.6,-0.07
Apparel,1994-10-01,133.0,-0.6
Apparel,1994-11-01,132.5,-1.41
Apparel,1994-12-01,132.1,-1.49
Apparel,1995-01-01,132.2,-0.83
Apparel,1995-02-01,131.9,-0.98
Apparel,1995-03-01,132.2,-1.2
Apparel,1995-04-01,131.9,-1.2
Apparel,1995-05-01,131.6,-1.79
Apparel,1995-06-01,131.3,-2.6
Apparel,1995-07-01,131.4,-2.09
Apparel,1995-08-01,132.5,-0.53
Apparel,1995-09-01,132.3,-0.97
Apparel,1995-10-01,132.4,-0.45
Apparel,1995-11-01,132.0,-0.38
Apparel,1995-12-01,132.2,0.08
Apparel,1996-01-01,132.7,0.38
Apparel,1996-02-01,132.2,0.23
Apparel,1996-03-01,132.6,0.3
Apparel,1996-04-01,131.8,-0.08
Apparel,1996-05-01,131.8,0.15
Apparel,1996-06-01,131.6,0.23
Apparel,1996-07-01,131.3,-0.08
Apparel,1996-08-01,130.6,-1.43
Apparel,1996-09-01,131.3,-0.76
Apparel,1996-10-01,131.3,-0.83
Apparel,1996-11-01,131.6,-0.3
Apparel,1996-12-01,131.9,-0.23
Apparel,1997-01-01,132.3,-0.3
Apparel,1997-02-01,133.0,0.61
Apparel,1997-03-01,132.4,-0.15
Apparel,1997-04-01,133.0,0.91
Apparel,1997-05-01,133.3,1.14
Apparel,1997-06-01,133.1,1.14
Apparel,1997-07-01,133.3,1.52
Apparel,1997-08-01,132.7,1.61
Apparel,1997-09-01,132.9,1.22
Apparel,1997-10-01,132.7,1.07
Apparel,1997-11-01,132.7,0.84
Apparel,1997-12-01,133.0,0.83
Apparel,1998-01-01,133.1,0.6
Apparel,1998-02-01,133.0,0.0
Apparel,1998-03-01,132.7,0.23
Apparel,1998-04-01,132.3,-0.53
Apparel,1998-05-01,132.7,-0.45
Apparel,1998-06-01,133.3,0.15
Apparel,1998-07-01,133.5,0.15
Apparel,1998-08-01,135.1,1.81
Apparel,1998-09-01,133.1,0.15
Apparel,1998-10-01,132.7,0.0
Apparel,1998-11-01,132.7,0.0
Apparel,1998-12-01,132.0,-0.75
Apparel,1999-01-01,131.5,-1.2
Apparel,1999-02-01,130.8,-1.65
Apparel,1999-03-01,130.4,-1.73
Apparel,1999-04-01,131.7,-0.45
Apparel,1999-05-01,131.7,-0.75
Apparel,1999-06-01,131.7,-1.2
Apparel,1999-07-01,131.5,-1.5
Apparel,1999-08-01,130.9,-3.11
Apparel,1999-09-01,131.2,-1.43
Apparel,1999-10-01,131.4,-0.98
Apparel,1999-11-01,131.0,-1.28
Apparel,1999-12-01,131.3,-0.53
Apparel,2000-01-01,130.7,-0.61
Apparel,2000-02-01,130.4,-0.31
Apparel,2000-03-01,130.3,-0.08
Apparel,2000-04-01,129.8,-1.44
Apparel,2000-05-01,129.7,-1.52
Apparel,2000-06-01,129.3,-1.82
Apparel,2000-07-01,128.9,-1.98
Apparel,2000-08-01,128.9,-1.53
Apparel,2000-09-01,129.5,-1.3
Apparel,2000-10-01,129.2,-1.67
Apparel,2000-11-01,129.2,-1.37
Apparel,2000-12-01,129.1,-1.68
Apparel,2001-01-01,129.4,-0.99
Apparel,2001-02-01,129.6,-0.61
Apparel,2001-03-01,129.5,-0.61
Apparel,2001-04-01,128.2,-1.23
Apparel,2001-05-01,127.4,-1.77
Apparel,2001-06-01,127.4,-1.47
Apparel,2001-07-01,127.3,-1.24
Apparel,2001-08-01,126.4,-1.94
Apparel,2001-09-01,125.8,-2.86
Apparel,2001-10-01,125.8,-2.63
Apparel,2001-11-01,125.4,-2.94
Apparel,2001-12-01,124.9,-3.25
Apparel,2002-01-01,124.4,-3.86
Apparel,2002-02-01,124.6,-3.86
Apparel,2002-03-01,125.3,-3.24
Apparel,2002-04-01,125.1,-2.42
Apparel,2002-05-01,124.6,-2.2
Apparel,2002-06-01,123.9,-2.75
Apparel,2002-07-01,123.5,-2.99
Apparel,2002-08-01,124.3,-1.66
Apparel,2002-09-01,123.4,-1.91
Apparel,2002-10-01,123.0,-2.23
Apparel,2002-11-01,123.1,-1.83
Apparel,2002-12-01,122.7,-1.76
Apparel,2003-01-01,122.1,-1.85
Apparel,2003-02-01,121.8,-2.25
Apparel,2003-03-01,120.7,-3.67
Apparel,2003-04-01,120.3,-3.84
Apparel,2003-05-01,120.0,-3.69
Apparel,2003-06-01,120.6,-2.66
Apparel,2003-07-01,121.1,-1.94
Apparel,2003-08-01,120.8,-2.82
Apparel,2003-09-01,120.9,-2.03
Apparel,2003-10-01,121.1,-1.54
Apparel,2003-11-01,120.8,-1.87
Apparel,2003-12-01,120.2,-2.04
Apparel,2004-01-01,120.1,-1.64
Apparel,2004-02-01,120.1,-1.4
Apparel,2004-03-01,120.4,-0.25
Apparel,2004-04-01,120.6,0.25
Apparel,2004-05-01,120.9,0.75
Apparel,2004-06-01,121.2,0.5
Apparel,2004-07-01,121.0,-0.08
Apparel,2004-08-01,120.3,-0.41
Apparel,2004-09-01,120.0,-0.74
Apparel,2004-10-01,120.3,-0.66
Apparel,2004-11-01,120.6,-0.17
Apparel,2004-12-01,119.8,-0.33
Apparel,2005-01-01,120.3,0.17
Apparel,2005-02-01,120.0,-0.08
Apparel,2005-03-01,120.5,0.08
Apparel,2005-04-01,119.9,-0.58
Apparel,2005-05-01,119.9,-0.83
Apparel,2005-06-01,119.4,-1.49
Apparel,2005-07-01,119.0,-1.65
Apparel,2005-08-01,119.5,-0.67
Apparel,2005-09-01,119.1,-0.75
Apparel,2005-10-01,119.0,-1.08
Apparel,2005-11-01,119.2,-1.16
Apparel,2005-12-01,118.6,-1.0
Apparel,2006-01-01,118.9,-1.16
Apparel,2006-02-01,117.8,-1.83
Apparel,2006-03-01,119.1,-1.16
Apparel,2006-04-01,119.6,-0.25
Apparel,2006-05-01,119.9,0.0
Apparel,2006-06-01,120.1,0.59
Apparel,2006-07-01,119.0,0.0
Apparel,2006-08-01,119.8,0.25
Apparel,2006-09-01,120.2,0.92
Apparel,2006-10-01,119.8,0.67
Apparel,2006-11-01,119.4,0.17
Apparel,2006-12-01,119.8,1.01
Apparel,2007-01-01,119.86,0.81
Apparel,2007-02-01,120.237,2.07
Apparel,2007-03-01,119.797,0.59
Apparel,2007-04-01,119.331,-0.22
Apparel,2007-05-01,119.166,-0.61
Apparel,2007-06-01,118.576,-1.27
Apparel,2007-07-01,118.449,-0.46
Apparel,2007-08-01,117.901,-1.59
Apparel,2007-09-01,118.023,-1.81
Apparel,2007-10-01,118.435,-1.14
Apparel,2007-11-01,118.737,-0.56
Apparel,2007-12-01,119.35,-0.38
Apparel,2008-01-01,119.438,-0.35
Apparel,2008-02-01,118.904,-1.11
Apparel,2008-03-01,118.399,-1.17
Apparel,2008-04-01,118.729,-0.5
Apparel,2008-05-01,118.716,-0.38
Apparel,2008-06-01,118.501,-0.06
Apparel,2008-07-01,119.006,0.47
Apparel,2008-08-01,119.736,1.56
Apparel,2008-09-01,119.618,1.35
Apparel,2008-10-01,118.799,0.31
Apparel,2008-11-01,118.867,0.11
Apparel,2008-12-01,118.119,-1.03
Apparel,2009-01-01,117.967,-1.23
Apparel,2009-02-01,119.888,0.83
Apparel,2009-03-01,120.368,1.66
Apparel,2009-04-01,120.182,1.22
Apparel,2009-05-01,120.038,1.11
Apparel,2009-06-01,120.276,1.5
Apparel,2009-07-01,119.984,0.82
Apparel,2009-08-01,120.236,0.42
Apparel,2009-09-01,120.779,0.97
Apparel,2009-10-01,120.5,1.43
Apparel,2009-11-01,120.007,0.96
Apparel,2009-12-01,120.441,1.97
Apparel,2010-01-01,119.91,1.65
Apparel,2010-02-01,120.184,0.25
Apparel,2010-03-01,120.225,-0.12
Apparel,2010-04-01,119.646,-0.45
Apparel,2010-05-01,119.648,-0.32
Apparel,2010-06-01,119.623,-0.54
Apparel,2010-07-01,119.322,-0.55
Apparel,2010-08-01,118.96,-1.06
Apparel,2010-09-01,119.21,-1.3
Apparel,2010-10-01,118.917,-1.31
Apparel,2010-11-01,119.027,-0.82
Apparel,2010-12-01,119.223,-1.01
Apparel,2011-01-01,119.82,-0.08
Apparel,2011-02-01,119.904,-0.23
Apparel,2011-03-01,119.739,-0.4
Apparel,2011-04-01,120.037,0.33
Apparel,2011-05-01,121.146,1.25
Apparel,2011-06-01,121.71,1.74
Apparel,2011-07-01,122.547,2.7
Apparel,2011-08-01,123.551,3.86
Apparel,2011-09-01,123.244,3.38
Apparel,2011-10-01,123.775,4.09
Apparel,2011-11-01,124.762,4.82
Apparel,2011-12-01,124.865,4.73
Apparel,2012-01-01,125.399,4.66
Apparel,2012-02-01,125.075,4.31
Apparel,2012-03-01,125.85,5.1
Apparel,2012-04-01,126.432,5.33
Apparel,2012-05-01,126.663,4.55
Apparel,2012-06-01,126.248,3.73
Apparel,2012-07-01,125.935,2.76
Apparel,2012-08-01,125.333,1.44
Apparel,2012-09-01,126.386,2.55
Apparel,2012-10-01,127.291,2.84
Apparel,2012-11-01,127.191,1.95
Apparel,2012-12-01,127.289,1.94
Apparel,2013-01-01,128.076,2.13
Apparel,2013-02-01,128.134,2.45
Apparel,2013-03-01,126.97,0.89
Apparel,2013-04-01,126.905,0.37
Apparel,2013-05-01,126.916,0.2
Apparel,2013-06-01,126.995,0.59
Apparel,2013-07-01,127.645,1.36
Apparel,2013-08-01,127.412,1.66
Apparel,2013-09-01,127.281,0.71
Apparel,2013-10-01,126.988,-0.24
Apparel,2013-11-01,127.333,0.11
Apparel,2013-12-01,128.577,1.01
Apparel,2014-01-01,127.882,-0.15
Apparel,2014-02-01,127.279,-0.67
Apparel,2014-03-01,127.439,0.37
Apparel,2014-04-01,127.475,0.45
Apparel,2014-05-01,127.773,0.68
Apparel,2014-06-01,127.982,0.78
Apparel,2014-07-01,127.942,0.23
Apparel,2014-08-01,127.357,-0.04
Apparel,2014-09-01,127.813,0.42
Apparel,2014-10-01,127.761,0.61
Apparel,2014-11-01,127.254,-0.06
Apparel,2014-12-01,126.637,-1.51
Apparel,2015-01-01,126.129,-1.37
Apparel,2015-02-01,125.96,-1.04
Apparel,2015-03-01,126.626,-0.64
Apparel,2015-04-01,126.39,-0.85
Apparel,2015-05-01,125.831,-1.52
Apparel,2015-06-01,125.51,-1.93
Apparel,2015-07-01,125.689,-1.76
Apparel,2015-08-01,126.166,-0.94
Apparel,2015-09-01,126.011,-1.41
Apparel,2015-10-01,125.323,-1.91
Apparel,2015-11-01,125.724,-1.2
Apparel,2015-12-01,126.042,-0.47
Apparel,2016-01-01,124.999,-0.9
Apparel,2016-02-01,125.898,-0.05
Apparel,2016-03-01,125.843,-0.62
Apparel,2016-04-01,125.782,-0.48
Apparel,2016-05-01,126.707,0.7
Apparel,2016-06-01,126.276,0.61
Apparel,2016-07-01,125.881,0.15
Apparel,2016-08-01,126.148,-0.01
Apparel,2016-09-01,125.914,-0.08
Apparel,2016-10-01,126.521,0.96
Apparel,2016-11-01,126.605,0.7
Apparel,2016-12-01,126.185,0.11
Apparel,2017-01-01,126.044,0.84
Apparel,2017-02-01,126.058,0.13
Apparel,2017-03-01,126.397,0.44
Apparel,2017-04-01,126.301,0.41
Apparel,2017-05-01,125.651,-0.83
Apparel,2017-06-01,125.508,-0.61
Apparel,2017-07-01,125.368,-0.41
Apparel,2017-08-01,125.39,-0.6
Apparel,2017-09-01,125.759,-0.12
Apparel,2017-10-01,125.961,-0.44
Apparel,2017-11-01,125.024,-1.25
Apparel,2017-12-01,124.234,-1.55
Apparel,2018-01-01,124.855,-0.94
Apparel,2018-02-01,125.839,-0.17
Apparel,2018-03-01,126.489,0.07
Apparel,2018-04-01,127.326,0.81
Apparel,2018-05-01,127.464,1.44
Apparel,2018-06-01,126.384,0.7
Apparel,2018-07-01,125.676,0.25
Apparel,2018-08-01,123.451,-1.55
Apparel,2018-09-01,125.143,-0.49
Apparel,2018-10-01,126.021,0.05
Apparel,2018-11-01,125.099,0.06
Apparel,2018-12-01,124.356,0.1
Apparel,2019-01-01,124.466,-0.31
Apparel,2019-02-01,124.526,-1.04
Apparel,2019-03-01,123.666,-2.23
Apparel,2019-04-01,123.901,-2.69
Apparel,2019-05-01,123.764,-2.9
Apparel,2019-06-01,124.75,-1.29
Apparel,2019-07-01,124.731,-0.75
Apparel,2019-08-01,124.532,0.88
Apparel,2019-09-01,124.795,-0.28
Apparel,2019-10-01,123.489,-2.01
Apparel,2019-11-01,123.55,-1.24
Apparel,2019-12-01,122.859,-1.2
Apparel,2020-01-01,122.477,-1.6
Apparel,2020-02-01,122.952,-1.26
Apparel,2020-03-01,121.558,-1.7
Apparel,2020-04-01,117.065,-5.52
Apparel,2020-05-01,114.244,-7.69
Apparel,2020-06-01,115.665,-7.28
Apparel,2020-07-01,116.576,-6.54
Apparel,2020-08-01,116.907,-6.12
Apparel,2020-09-01,117.157,-6.12
Apparel,2020-10-01,117.158,-5.13
Apparel,2020-11-01,117.411,-4.97
Apparel,2020-12-01,117.967,-3.98
Apparel,2021-01-01,119.065,-2.79
Apparel,2021-02-01,118.14,-3.91
Apparel,2021-03-01,118.484,-2.53
Apparel,2021-04-01,119.692,2.24
Apparel,2021-05-01,120.794,5.73
Apparel,2021-06-01,121.339,4.91
Apparel,2021-07-01,121.319,4.07
Apparel,2021-08-01,121.505,3.93
Apparel,2021-09-01,121.051,3.32
Apparel,2021-10-01,122.57,4.62
Apparel,2021-11-01,123.61,5.28
Apparel,2021-12-01,124.753,5.75
Apparel,2022-01-01,125.476,5.38
Apparel,2022-02-01,125.997,6.65
Apparel,2022-03-01,126.443,6.72
Apparel,2022-04-01,126.098,5.35
Apparel,2022-05-01,126.693,4.88
Apparel,2022-06-01,127.432,5.02
Apparel,2022-07-01,127.394,5.01
Apparel,2022-08-01,127.422,4.87
Apparel,2022-09-01,127.588,5.4
Apparel,2022-10-01,127.777,4.25
Apparel,2022-11-01,128.338,3.82
Apparel,2022-12-01,128.475,2.98
Apparel,2023-01-01,129.43,3.15
Apparel,2023-02-01,130.239,3.37
Apparel,2023-03-01,130.426,3.15
Apparel,2023-04-01,130.573,3.55
Apparel,2023-05-01,131.003,3.4
Apparel,2023-06-01,131.118,2.89
Apparel,2023-07-01,131.352,3.11
Apparel,2023-08-01,131.16,2.93
Apparel,2023-09-01,130.338,2.16
Apparel,2023-10-01,131.274,2.74
Apparel,2023-11-01,130.099,1.37
Apparel,2023-12-01,129.942,1.14
Apparel,2024-01-01,129.685,0.2
Apparel,2024-02-01,130.309,0.05
Apparel,2024-03-01,130.956,0.41
Apparel,2024-04-01,132.237,1.27
Apparel,2024-05-01,132.027,0.78
Apparel,2024-06-01,131.956,0.64
Apparel,2024-07-01,131.569,0.17
Apparel,2024-08-01,131.415,0.19
Apparel,2024-09-01,132.539,1.69
Apparel,2024-10-01,131.741,0.36
Apparel,2024-11-01,131.692,1.22
Apparel,2024-12-01,131.568,1.25
Apparel,2025-01-01,130.436,0.58
Apparel,2025-02-01,131.095,0.6
Apparel,2025-03-01,131.388,0.33
Apparel,2025-04-01,131.201,-0.78
Apparel,2025-05-01,130.782,-0.94
Apparel,2025-06-01,131.214,-0.56
Apparel,2025-07-01,131.354,-0.16
Apparel,2025-08-01,131.694,0.21
Apparel,2025-09-01,132.411,-0.1
Apparel,2025-11-01,131.883,0.11
Apparel,2025-12-01,132.317,0.47
Apparel,2026-01-01,132.723,0.88
Apparel,2026-02-01,134.419,3.05
Apparel,2026-03-01,135.804,3.59
Apparel,2026-04-01,136.67,4.02
Apparel,2026-05-01,137.069,4.47
Energy,1993-01-01,84.1,
Energy,1993-02-01,84.3,
Energy,1993-03-01,84.6,
Energy,1993-04-01,84.8,
Energy,1993-05-01,85.2,
Energy,1993-06-01,85.4,
Energy,1993-07-01,85.6,
Energy,1993-08-01,86.0,
Energy,1993-09-01,86.3,
Energy,1993-10-01,86.5,
Energy,1993-11-01,86.8,
Energy,1993-12-01,87.2,
Energy,1994-01-01,87.3,3.8
Energy,1994-02-01,87.9,4.27
Energy,1994-03-01,88.1,4.14
Energy,1994-04-01,88.3,4.13
Energy,1994-05-01,88.6,3.99
Energy,1994-06-01,88.9,4.1
Energy,1994-07-01,89.1,4.09
Energy,1994-08-01,89.3,3.84
Energy,1994-09-01,89.4,3.59
Energy,1994-10-01,89.6,3.58
Energy,1994-11-01,89.8,3.46
Energy,1994-12-01,90.1,3.33
Energy,1995-01-01,91.1,4.35
Energy,1995-02-01,91.2,3.75
Energy,1995-03-01,91.3,3.63
Energy,1995-04-01,91.6,3.74
Energy,1995-05-01,91.7,3.5
Energy,1995-06-01,92.1,3.6
Energy,1995-07-01,92.3,3.59
Energy,1995-08-01,92.5,3.58
Energy,1995-09-01,92.9,3.91
Energy,1995-10-01,93.1,3.91
Energy,1995-11-01,93.3,3.9
Energy,1995-12-01,93.7,4.0
Energy,1996-01-01,93.9,3.07
Energy,1996-02-01,94.2,3.29
Energy,1996-03-01,94.6,3.61
Energy,1996-04-01,94.3,2.95
Energy,1996-05-01,95.0,3.6
Energy,1996-06-01,95.3,3.47
Energy,1996-07-01,95.6,3.58
Energy,1996-08-01,95.8,3.57
Energy,1996-09-01,96.1,3.44
Energy,1996-10-01,96.4,3.54
Energy,1996-11-01,96.6,3.54
Energy,1996-12-01,96.9,3.42
Energy,1997-01-01,97.2,3.51
Energy,1997-02-01,97.4,3.4
Energy,1997-03-01,97.7,3.28
Energy,1997-04-01,97.9,3.82
Energy,1997-05-01,98.2,3.37
Energy,1997-06-01,98.5,3.36
Energy,1997-07-01,98.7,3.24
Energy,1997-08-01,98.7,3.03
Energy,1997-09-01,99.0,3.02
Energy,1997-10-01,99.3,3.01
Energy,1997-11-01,99.5,3.0
Energy,1997-12-01,99.8,2.99
Energy,1998-01-01,99.8,2.67
Energy,1998-02-01,99.7,2.36
Energy,1998-03-01,100.0,2.35
Energy,1998-04-01,100.2,2.35
Energy,1998-05-01,100.5,2.34
Energy,1998-06-01,100.6,2.13
Energy,1998-07-01,100.6,1.93
Energy,1998-08-01,100.1,1.42
Energy,1998-09-01,100.3,1.31
Energy,1998-10-01,100.4,1.11
Energy,1998-11-01,100.6,1.11
Energy,1998-12-01,100.5,0.7
Energy,1999-01-01,100.5,0.7
Energy,1999-02-01,100.8,1.1
Energy,1999-03-01,100.8,0.8
Energy,1999-04-01,101.0,0.8
Energy,1999-05-01,100.9,0.4
Energy,1999-06-01,101.0,0.4
Energy,1999-07-01,101.1,0.5
Energy,1999-08-01,101.3,1.2
Energy,1999-09-01,101.5,1.2
Energy,1999-10-01,101.6,1.2
Energy,1999-11-01,101.8,1.19
Energy,1999-12-01,101.9,1.39
Energy,2000-01-01,102.6,2.09
Energy,2000-02-01,102.2,1.39
Energy,2000-03-01,102.1,1.29
Energy,2000-04-01,102.2,1.19
Energy,2000-05-01,102.3,1.39
Energy,2000-06-01,102.1,1.09
Energy,2000-07-01,102.7,1.58
Energy,2000-08-01,102.8,1.48
Energy,2000-09-01,102.2,0.69
Energy,2000-10-01,103.0,1.38
Energy,2000-11-01,102.8,0.98
Energy,2000-12-01,103.4,1.47
Energy,2001-01-01,103.8,1.17
Energy,2001-02-01,103.9,1.66
Energy,2001-03-01,104.4,2.25
Energy,2001-04-01,104.5,2.25
Energy,2001-05-01,104.6,2.25
Energy,2001-06-01,105.0,2.84
Energy,2001-07-01,105.5,2.73
Energy,2001-08-01,105.8,2.92
Energy,2001-09-01,105.8,3.52
Energy,2001-10-01,106.4,3.3
Energy,2001-11-01,106.5,3.6
Energy,2001-12-01,106.7,3.19
Energy,2002-01-01,107.0,3.08
Energy,2002-02-01,107.2,3.18
Energy,2002-03-01,106.8,2.3
Energy,2002-04-01,106.6,2.01
Energy,2002-05-01,107.2,2.49
Energy,2002-06-01,107.5,2.38
Energy,2002-07-01,108.2,2.56
Energy,2002-08-01,108.9,2.93
Energy,2002-09-01,108.7,2.74
Energy,2002-10-01,108.8,2.26
Energy,2002-11-01,108.8,2.16
Energy,2002-12-01,109.0,2.16
Energy,2003-01-01,109.5,2.34
Energy,2003-02-01,109.7,2.33
Energy,2003-03-01,109.6,2.62
Energy,2003-04-01,109.4,2.63
Energy,2003-05-01,109.3,1.96
Energy,2003-06-01,109.1,1.49
Energy,2003-07-01,109.6,1.29
Energy,2003-08-01,110.0,1.01
Energy,2003-09-01,110.1,1.29
Energy,2003-10-01,110.2,1.29
Energy,2003-11-01,110.3,1.38
Energy,2003-12-01,110.7,1.56
Energy,2004-01-01,110.9,1.28
Energy,2004-02-01,111.2,1.37
Energy,2004-03-01,111.3,1.55
Energy,2004-04-01,111.3,1.74
Energy,2004-05-01,111.2,1.74
Energy,2004-06-01,111.5,2.2
Energy,2004-07-01,111.6,1.82
Energy,2004-08-01,111.6,1.45
Energy,2004-09-01,112.0,1.73
Energy,2004-10-01,111.8,1.45
Energy,2004-11-01,112.1,1.63
Energy,2004-12-01,112.3,1.45
Energy,2005-01-01,112.5,1.44
Energy,2005-02-01,112.8,1.44
Energy,2005-03-01,113.0,1.53
Energy,2005-04-01,113.4,1.89
Energy,2005-05-01,113.4,1.98
Energy,2005-06-01,113.5,1.79
Energy,2005-07-01,113.7,1.88
Energy,2005-08-01,113.5,1.7
Energy,2005-09-01,114.4,2.14
Energy,2005-10-01,114.3,2.24
Energy,2005-11-01,114.8,2.41
Energy,2005-12-01,115.0,2.4
Energy,2006-01-01,115.5,2.67
Energy,2006-02-01,115.6,2.48
Energy,2006-03-01,115.8,2.48
Energy,2006-04-01,116.2,2.47
Energy,2006-05-01,116.3,2.56
Energy,2006-06-01,116.7,2.82
Energy,2006-07-01,117.1,2.99
Energy,2006-08-01,117.3,3.35
Energy,2006-09-01,117.5,2.71
Energy,2006-10-01,117.7,2.97
Energy,2006-11-01,117.6,2.44
Energy,2006-12-01,117.7,2.35
Energy,2007-01-01,117.631,1.85
Energy,2007-02-01,117.967,2.05
Energy,2007-03-01,118.47,2.31
Energy,2007-04-01,118.742,2.19
Energy,2007-05-01,119.407,2.67
Energy,2007-06-01,119.513,2.41
Energy,2007-07-01,119.777,2.29
Energy,2007-08-01,120.107,2.39
Energy,2007-09-01,120.384,2.45
Energy,2007-10-01,120.773,2.61
Energy,2007-11-01,120.867,2.78
Energy,2007-12-01,121.238,3.01
Energy,2008-01-01,121.592,3.37
Energy,2008-02-01,121.769,3.22
Energy,2008-03-01,122.059,3.03
Energy,2008-04-01,122.467,3.14
Energy,2008-05-01,122.922,2.94
Energy,2008-06-01,123.573,3.4
Energy,2008-07-01,124.132,3.64
Energy,2008-08-01,124.427,3.6
Energy,2008-09-01,124.671,3.56
Energy,2008-10-01,124.952,3.46
Energy,2008-11-01,125.287,3.66
Energy,2008-12-01,125.691,3.67
Energy,2009-01-01,125.995,3.62
Energy,2009-02-01,126.229,3.66
Energy,2009-03-01,126.433,3.58
Energy,2009-04-01,126.659,3.42
Energy,2009-05-01,127.03,3.34
Energy,2009-06-01,127.256,2.98
Energy,2009-07-01,127.574,2.77
Energy,2009-08-01,127.819,2.73
Energy,2009-09-01,128.204,2.83
Energy,2009-10-01,128.431,2.78
Energy,2009-11-01,128.429,2.51
Energy,2009-12-01,128.686,2.38
Energy,2010-01-01,128.956,2.35
Energy,2010-02-01,129.136,2.3
Energy,2010-03-01,129.439,2.38
Energy,2010-04-01,129.686,2.39
Energy,2010-05-01,129.776,2.16
Energy,2010-06-01,129.939,2.11
Energy,2010-07-01,130.112,1.99
Energy,2010-08-01,130.289,1.93
Energy,2010-09-01,130.408,1.72
Energy,2010-10-01,130.376,1.51
Energy,2010-11-01,130.548,1.65
Energy,2010-12-01,130.42,1.35
Energy,2011-01-01,130.584,1.26
Energy,2011-02-01,130.702,1.21
Energy,2011-03-01,130.805,1.06
Energy,2011-04-01,130.918,0.95
Energy,2011-05-01,131.063,0.99
Energy,2011-06-01,131.207,0.98
Energy,2011-07-01,131.308,0.92
Energy,2011-08-01,131.748,1.12
Energy,2011-09-01,131.925,1.16
Energy,2011-10-01,132.243,1.43
Energy,2011-11-01,132.446,1.45
Energy,2011-12-01,132.645,1.71
Energy,2012-01-01,133.062,1.9
Energy,2012-02-01,133.185,1.9
Energy,2012-03-01,133.289,1.9
Energy,2012-04-01,133.469,1.95
Energy,2012-05-01,133.849,2.13
Energy,2012-06-01,133.957,2.1
Energy,2012-07-01,133.954,2.02
Energy,2012-08-01,133.811,1.57
Energy,2012-09-01,134.06,1.62
Energy,2012-10-01,134.319,1.57
Energy,2012-11-01,134.489,1.54
Energy,2012-12-01,134.693,1.54
Energy,2013-01-01,135.177,1.59
Energy,2013-02-01,135.501,1.74
Energy,2013-03-01,135.67,1.79
Energy,2013-04-01,135.411,1.46
Energy,2013-05-01,135.563,1.28
Energy,2013-06-01,135.575,1.21
Energy,2013-07-01,135.745,1.34
Energy,2013-08-01,135.946,1.6
Energy,2013-09-01,136.203,1.6
Energy,2013-10-01,136.418,1.56
Energy,2013-11-01,136.578,1.55
Energy,2013-12-01,136.844,1.6
Energy,2014-01-01,136.997,1.35
Energy,2014-02-01,137.034,1.13
Energy,2014-03-01,137.161,1.1
Energy,2014-04-01,137.381,1.45
Energy,2014-05-01,137.529,1.45
Energy,2014-06-01,137.661,1.54
Energy,2014-07-01,137.893,1.58
Energy,2014-08-01,138.069,1.56
Energy,2014-09-01,138.038,1.35
Energy,2014-10-01,137.606,0.87
Energy,2014-11-01,137.437,0.63
Energy,2014-12-01,137.364,0.38
Energy,2015-01-01,137.608,0.45
Energy,2015-02-01,137.538,0.37
Energy,2015-03-01,137.644,0.35
Energy,2015-04-01,137.82,0.32
Energy,2015-05-01,137.692,0.12
Energy,2015-06-01,137.789,0.09
Energy,2015-07-01,138.002,0.08
Energy,2015-08-01,138.237,0.12
Energy,2015-09-01,138.681,0.47
Energy,2015-10-01,138.926,0.96
Energy,2015-11-01,139.235,1.31
Energy,2015-12-01,139.268,1.39
Energy,2016-01-01,139.445,1.33
Energy,2016-02-01,139.213,1.22
Energy,2016-03-01,139.392,1.27
Energy,2016-04-01,139.452,1.18
Energy,2016-05-01,139.255,1.14
Energy,2016-06-01,139.197,1.02
Energy,2016-07-01,139.16,0.84
Energy,2016-08-01,139.28,0.75
Energy,2016-09-01,138.817,0.1
Energy,2016-10-01,138.63,-0.21
Energy,2016-11-01,138.813,-0.3
Energy,2016-12-01,138.944,-0.23
Energy,2017-01-01,139.017,-0.31
Energy,2017-02-01,138.776,-0.31
Energy,2017-03-01,136.392,-2.15
Energy,2017-04-01,136.017,-2.46
Energy,2017-05-01,135.886,-2.42
Energy,2017-06-01,135.826,-2.42
Energy,2017-07-01,135.692,-2.49
Energy,2017-08-01,135.614,-2.63
Energy,2017-09-01,135.777,-2.19
Energy,2017-10-01,136.113,-1.82
Energy,2017-11-01,136.449,-1.7
Energy,2017-12-01,136.532,-1.74
Energy,2018-01-01,136.594,-1.74
Energy,2018-02-01,136.314,-1.77
Energy,2018-03-01,136.19,-0.15
Energy,2018-04-01,136.198,0.13
Energy,2018-05-01,136.585,0.51
Energy,2018-06-01,136.844,0.75
Energy,2018-07-01,137.07,1.02
Energy,2018-08-01,137.258,1.21
Energy,2018-09-01,137.483,1.26
Energy,2018-10-01,137.387,0.94
Energy,2018-11-01,136.708,0.19
Energy,2018-12-01,136.817,0.21
Energy,2019-01-01,137.024,0.31
Energy,2019-02-01,137.151,0.61
Energy,2019-03-01,137.233,0.77
Energy,2019-04-01,137.432,0.91
Energy,2019-05-01,137.5,0.67
Energy,2019-06-01,137.631,0.58
Energy,2019-07-01,137.88,0.59
Energy,2019-08-01,138.075,0.6
Energy,2019-09-01,138.026,0.39
Energy,2019-10-01,138.157,0.56
Energy,2019-11-01,138.669,1.43
Energy,2019-12-01,138.719,1.39
Energy,2020-01-01,139.118,1.53
Energy,2020-02-01,139.231,1.52
Energy,2020-03-01,139.348,1.54
Energy,2020-04-01,139.617,1.59
Energy,2020-05-01,139.634,1.55
Energy,2020-06-01,139.523,1.37
Energy,2020-07-01,141.049,2.3
Energy,2020-08-01,141.226,2.28
Energy,2020-09-01,140.96,2.13
Energy,2020-10-01,141.132,2.15
Energy,2020-11-01,141.316,1.91
Energy,2020-12-01,141.454,1.97
Energy,2021-01-01,141.557,1.75
Energy,2021-02-01,141.667,1.75
Energy,2021-03-01,141.435,1.5
Energy,2021-04-01,141.967,1.68
Energy,2021-05-01,142.268,1.89
Energy,2021-06-01,142.424,2.08
Energy,2021-07-01,142.634,1.12
Energy,2021-08-01,142.935,1.21
Energy,2021-09-01,143.393,1.73
Energy,2021-10-01,143.628,1.77
Energy,2021-11-01,143.659,1.66
Energy,2021-12-01,143.751,1.62
Energy,2022-01-01,143.895,1.65
Energy,2022-02-01,143.944,1.61
Energy,2022-03-01,143.681,1.59
Energy,2022-04-01,143.475,1.06
Energy,2022-05-01,143.404,0.8
Energy,2022-06-01,143.607,0.83
Energy,2022-07-01,143.342,0.5
Energy,2022-08-01,143.52,0.41
Energy,2022-09-01,143.59,0.14
Energy,2022-10-01,143.628,0.0
Energy,2022-11-01,144.664,0.7
Energy,2022-12-01,144.845,0.76
Energy,2023-01-01,145.351,1.01
Energy,2023-02-01,145.449,1.05
Energy,2023-03-01,145.692,1.4
Energy,2023-04-01,145.715,1.56
Energy,2023-05-01,145.514,1.47
Energy,2023-06-01,145.18,1.1
Energy,2023-07-01,145.072,1.21
Energy,2023-08-01,144.965,1.01
Energy,2023-09-01,145.092,1.05
Energy,2023-10-01,144.928,0.91
Energy,2023-11-01,144.59,-0.05
Energy,2023-12-01,144.748,-0.07
Energy,2024-01-01,145.388,0.03
Energy,2024-02-01,146.031,0.4
Energy,2024-03-01,146.053,0.25
Energy,2024-04-01,146.328,0.42
Energy,2024-05-01,146.303,0.54
Energy,2024-06-01,146.211,0.71
Energy,2024-07-01,146.363,0.89
Energy,2024-08-01,146.415,1.0
Energy,2024-09-01,146.374,0.88
Energy,2024-10-01,146.013,0.75
Energy,2024-11-01,145.606,0.7
Energy,2024-12-01,145.644,0.62
Energy,2025-01-01,146.105,0.49
Energy,2025-02-01,146.528,0.34
Energy,2025-03-01,146.865,0.56
Energy,2025-04-01,146.67,0.23
Energy,2025-05-01,146.776,0.32
Energy,2025-06-01,146.931,0.49
Energy,2025-07-01,146.897,0.36
Energy,2025-08-01,146.913,0.34
Energy,2025-09-01,146.905,0.36
Energy,2025-11-01,147.708,1.16
Energy,2025-12-01,146.339,0.5
Energy,2026-01-01,146.906,0.87
Energy,2026-02-01,146.61,0.35
Energy,2026-03-01,146.909,0.26
Energy,2026-04-01,146.902,0.03
Energy,2026-05-01,148.007,0.91
Food,1967-01-01,34.8,
Food,1967-02-01,34.7,
Food,1967-03-01,34.7,
Food,1967-04-01,34.6,
Food,1967-05-01,34.6,
Food,1967-06-01,34.9,
Food,1967-07-01,35.0,
Food,1967-08-01,35.2,
Food,1967-09-01,35.2,
Food,1967-10-01,35.3,
Food,1967-11-01,35.4,
Food,1967-12-01,35.5,
Food,1968-01-01,35.5,2.01
Food,1968-02-01,35.7,2.88
Food,1968-03-01,35.8,3.17
Food,1968-04-01,36.0,4.05
Food,1968-05-01,36.1,4.34
Food,1968-06-01,36.1,3.44
Food,1968-07-01,36.2,3.43
Food,1968-08-01,36.3,3.12
Food,1968-09-01,36.5,3.69
Food,1968-10-01,36.8,4.25
Food,1968-11-01,36.8,3.95
Food,1968-12-01,37.0,4.23
Food,1969-01-01,37.0,4.23
Food,1969-02-01,37.0,3.64
Food,1969-03-01,37.1,3.63
Food,1969-04-01,37.4,3.89
Food,1969-05-01,37.6,4.16
Food,1969-06-01,38.0,5.26
Food,1969-07-01,38.2,5.52
Food,1969-08-01,38.4,5.79
Food,1969-09-01,38.6,5.75
Food,1969-10-01,38.7,5.16
Food,1969-11-01,39.1,6.25
Food,1969-12-01,39.5,6.76
Food,1970-01-01,39.6,7.03
Food,1970-02-01,39.8,7.57
Food,1970-03-01,39.8,7.28
Food,1970-04-01,39.9,6.68
Food,1970-05-01,40.1,6.65
Food,1970-06-01,40.1,5.53
Food,1970-07-01,40.2,5.24
Food,1970-08-01,40.2,4.69
Food,1970-09-01,40.4,4.66
Food,1970-10-01,40.5,4.65
Food,1970-11-01,40.4,3.32
Food,1970-12-01,40.5,2.53
Food,1971-01-01,40.5,2.27
Food,1971-02-01,40.5,1.76
Food,1971-03-01,40.9,2.76
Food,1971-04-01,41.1,3.01
Food,1971-05-01,41.3,2.99
Food,1971-06-01,41.5,3.49
Food,1971-07-01,41.6,3.48
Food,1971-08-01,41.6,3.48
Food,1971-09-01,41.6,2.97
Food,1971-10-01,41.7,2.96
Food,1971-11-01,41.9,3.71
Food,1971-12-01,42.3,4.44
Food,1972-01-01,42.2,4.2
Food,1972-02-01,42.6,5.19
Food,1972-03-01,42.6,4.16
Food,1972-04-01,42.6,3.65
Food,1972-05-01,42.7,3.39
Food,1972-06-01,42.8,3.13
Food,1972-07-01,43.1,3.61
Food,1972-08-01,43.1,3.61
Food,1972-09-01,43.5,4.57
Food,1972-10-01,43.7,4.8
Food,1972-11-01,43.9,4.77
Food,1972-12-01,44.1,4.26
Food,1973-01-01,44.8,6.16
Food,1973-02-01,45.5,6.81
Food,1973-03-01,46.5,9.15
Food,1973-04-01,47.2,10.8
Food,1973-05-01,47.8,11.94
Food,1973-06-01,48.3,12.85
Food,1973-07-01,48.4,12.3
Food,1973-08-01,50.9,18.1
Food,1973-09-01,50.9,17.01
Food,1973-10-01,51.2,17.16
Food,1973-11-01,51.8,18.0
Food,1973-12-01,52.3,18.59
Food,1974-01-01,52.9,18.08
Food,1974-02-01,54.0,18.68
Food,1974-03-01,54.5,17.2
Food,1974-04-01,54.4,15.25
Food,1974-05-01,54.8,14.64
Food,1974-06-01,54.9,13.66
Food,1974-07-01,54.8,13.22
Food,1974-08-01,55.5,9.04
Food,1974-09-01,56.6,11.2
Food,1974-10-01,57.2,11.72
Food,1974-11-01,57.9,11.78
Food,1974-12-01,58.6,12.05
Food,1975-01-01,58.8,11.15
Food,1975-02-01,59.0,9.26
Food,1975-03-01,58.9,8.07
Food,1975-04-01,58.8,8.09
Food,1975-05-01,59.0,7.66
Food,1975-06-01,59.6,8.56
Food,1975-07-01,60.6,10.58
Food,1975-08-01,60.7,9.37
Food,1975-09-01,61.0,7.77
Food,1975-10-01,61.6,7.69
Food,1975-11-01,62.0,7.08
Food,1975-12-01,62.3,6.31
Food,1976-01-01,62.2,5.78
Food,1976-02-01,61.6,4.41
Food,1976-03-01,61.3,4.07
Food,1976-04-01,61.3,4.25
Food,1976-05-01,61.6,4.41
Food,1976-06-01,61.7,3.52
Food,1976-07-01,62.0,2.31
Food,1976-08-01,62.2,2.47
Food,1976-09-01,62.5,2.46
Food,1976-10-01,62.8,1.95
Food,1976-11-01,62.8,1.29
Food,1976-12-01,62.9,0.96
Food,1977-01-01,63.1,1.45
Food,1977-02-01,64.2,4.22
Food,1977-03-01,64.5,5.22
Food,1977-04-01,65.2,6.36
Food,1977-05-01,65.5,6.33
Food,1977-06-01,65.9,6.81
Food,1977-07-01,66.1,6.61
Food,1977-08-01,66.4,6.75
Food,1977-09-01,66.6,6.56
Food,1977-10-01,66.8,6.37
Food,1977-11-01,67.4,7.32
Food,1977-12-01,67.5,7.31
Food,1978-01-01,68.1,7.92
Food,1978-02-01,68.8,7.17
Food,1978-03-01,69.6,7.91
Food,1978-04-01,70.7,8.44
Food,1978-05-01,71.7,9.47
Food,1978-06-01,72.8,10.47
Food,1978-07-01,73.1,10.59
Food,1978-08-01,73.4,10.54
Food,1978-09-01,73.7,10.66
Food,1978-10-01,74.3,11.23
Food,1978-11-01,74.8,10.98
Food,1978-12-01,75.2,11.41
Food,1979-01-01,76.5,12.33
Food,1979-02-01,77.7,12.94
Food,1979-03-01,78.4,12.64
Food,1979-04-01,78.9,11.6
Food,1979-05-01,79.7,11.16
Food,1979-06-01,80.0,9.89
Food,1979-07-01,80.4,9.99
Food,1979-08-01,80.3,9.4
Food,1979-09-01,80.9,9.77
Food,1979-10-01,81.5,9.69
Food,1979-11-01,82.1,9.76
Food,1979-12-01,82.8,10.11
Food,1980-01-01,83.3,8.89
Food,1980-02-01,83.4,7.34
Food,1980-03-01,84.1,7.27
Food,1980-04-01,84.6,7.22
Food,1980-05-01,85.2,6.9
Food,1980-06-01,85.7,7.13
Food,1980-07-01,86.5,7.59
Food,1980-08-01,87.9,9.46
Food,1980-09-01,88.9,9.89
Food,1980-10-01,89.6,9.94
Food,1980-11-01,90.6,10.35
Food,1980-12-01,91.2,10.14
Food,1981-01-01,91.5,9.84
Food,1981-02-01,92.0,10.31
Food,1981-03-01,92.5,9.99
Food,1981-04-01,92.6,9.46
Food,1981-05-01,92.7,8.8
Food,1981-06-01,93.1,8.63
Food,1981-07-01,93.8,8.44
Food,1981-08-01,94.3,7.28
Food,1981-09-01,94.7,6.52
Food,1981-10-01,94.8,5.8
Food,1981-11-01,95.0,4.86
Food,1981-12-01,95.2,4.39
Food,1982-01-01,95.5,4.37
Food,1982-02-01,96.2,4.57
Food,1982-03-01,96.1,3.89
Food,1982-04-01,96.3,4.0
Food,1982-05-01,97.1,4.75
Food,1982-06-01,98.0,5.26
Food,1982-07-01,98.1,4.58
Food,1982-08-01,97.9,3.82
Food,1982-09-01,98.0,3.48
Food,1982-10-01,98.1,3.48
Food,1982-11-01,98.2,3.37
Food,1982-12-01,98.1,3.05
Food,1983-01-01,98.0,2.62
Food,1983-02-01,98.2,2.08
Food,1983-03-01,98.8,2.81
Food,1983-04-01,99.2,3.01
Food,1983-05-01,99.5,2.47
Food,1983-06-01,99.6,1.63
Food,1983-07-01,99.6,1.53
Food,1983-08-01,99.6,1.74
Food,1983-09-01,100.0,2.04
Food,1983-10-01,100.3,2.24
Food,1983-11-01,100.3,2.14
Food,1983-12-01,100.6,2.55
Food,1984-01-01,101.9,3.98
Food,1984-02-01,102.5,4.38
Food,1984-03-01,102.8,4.05
Food,1984-04-01,102.8,3.63
Food,1984-05-01,102.6,3.12
Food,1984-06-01,103.0,3.41
Food,1984-07-01,103.2,3.61
Food,1984-08-01,103.8,4.22
Food,1984-09-01,103.7,3.7
Food,1984-10-01,103.9,3.59
Food,1984-11-01,104.0,3.69
Food,1984-12-01,104.4,3.78
Food,1985-01-01,104.5,2.55
Food,1985-02-01,105.0,2.44
Food,1985-03-01,105.4,2.53
Food,1985-04-01,105.3,2.43
Food,1985-05-01,105.1,2.44
Food,1985-06-01,105.4,2.33
Food,1985-07-01,105.4,2.13
Food,1985-08-01,105.5,1.64
Food,1985-09-01,105.7,1.93
Food,1985-10-01,105.9,1.92
Food,1985-11-01,106.5,2.4
Food,1985-12-01,107.3,2.78
Food,1986-01-01,107.5,2.87
Food,1986-02-01,107.4,2.29
Food,1986-03-01,107.6,2.09
Food,1986-04-01,107.8,2.37
Food,1986-05-01,108.2,2.95
Food,1986-06-01,108.3,2.75
Food,1986-07-01,109.1,3.51
Food,1986-08-01,110.0,4.27
Food,1986-09-01,110.1,4.16
Food,1986-10-01,110.4,4.25
Food,1986-11-01,111.0,4.23
Food,1986-12-01,111.3,3.73
Food,1987-01-01,111.9,4.09
Food,1987-02-01,112.2,4.47
Food,1987-03-01,112.4,4.46
Food,1987-04-01,112.6,4.45
Food,1987-05-01,113.2,4.62
Food,1987-06-01,113.8,5.08
Food,1987-07-01,113.7,4.22
Food,1987-08-01,113.9,3.55
Food,1987-09-01,114.4,3.91
Food,1987-10-01,114.6,3.8
Food,1987-11-01,114.7,3.33
Food,1987-12-01,115.2,3.5
Food,1988-01-01,115.6,3.31
Food,1988-02-01,115.7,3.12
Food,1988-03-01,115.9,3.11
Food,1988-04-01,116.5,3.46
Food,1988-05-01,116.9,3.27
Food,1988-06-01,117.6,3.34
Food,1988-07-01,118.8,4.49
Food,1988-08-01,119.4,4.83
Food,1988-09-01,120.0,4.9
Food,1988-10-01,120.3,4.97
Food,1988-11-01,120.5,5.06
Food,1988-12-01,121.0,5.03
Food,1989-01-01,121.5,5.1
Food,1989-02-01,122.3,5.7
Food,1989-03-01,123.1,6.21
Food,1989-04-01,123.7,6.18
Food,1989-05-01,124.6,6.59
Food,1989-06-01,124.9,6.21
Food,1989-07-01,125.4,5.56
Food,1989-08-01,125.7,5.28
Food,1989-09-01,126.1,5.08
Food,1989-10-01,126.7,5.32
Food,1989-11-01,127.2,5.56
Food,1989-12-01,127.7,5.54
Food,1990-01-01,129.4,6.5
Food,1990-02-01,130.5,6.7
Food,1990-03-01,130.7,6.17
Food,1990-04-01,130.6,5.58
Food,1990-05-01,130.9,5.06
Food,1990-06-01,131.8,5.52
Food,1990-07-01,132.5,5.66
Food,1990-08-01,132.9,5.73
Food,1990-09-01,133.3,5.71
Food,1990-10-01,133.8,5.6
Food,1990-11-01,134.2,5.5
Food,1990-12-01,134.3,5.17
Food,1991-01-01,135.2,4.48
Food,1991-02-01,135.7,3.98
Food,1991-03-01,135.9,3.98
Food,1991-04-01,136.6,4.59
Food,1991-05-01,137.1,4.74
Food,1991-06-01,137.8,4.55
Food,1991-07-01,137.2,3.55
Food,1991-08-01,136.8,2.93
Food,1991-09-01,137.0,2.78
Food,1991-10-01,136.9,2.32
Food,1991-11-01,137.4,2.38
Food,1991-12-01,137.6,2.46
Food,1992-01-01,137.3,1.55
Food,1992-02-01,137.8,1.55
Food,1992-03-01,138.3,1.77
Food,1992-04-01,138.2,1.17
Food,1992-05-01,138.1,0.73
Food,1992-06-01,138.4,0.44
Food,1992-07-01,138.3,0.8
Food,1992-08-01,139.1,1.68
Food,1992-09-01,139.7,1.97
Food,1992-10-01,139.7,2.05
Food,1992-11-01,139.6,1.6
Food,1992-12-01,139.6,1.45
Food,1993-01-01,140.0,1.97
Food,1993-02-01,140.4,1.89
Food,1993-03-01,140.4,1.52
Food,1993-04-01,140.8,1.88
Food,1993-05-01,141.7,2.61
Food,1993-06-01,141.4,2.17
Food,1993-07-01,141.4,2.24
Food,1993-08-01,141.9,2.01
Food,1993-09-01,142.1,1.72
Food,1993-10-01,142.7,2.15
Food,1993-11-01,143.0,2.44
Food,1993-12-01,143.5,2.79
Food,1994-01-01,143.6,2.57
Food,1994-02-01,143.4,2.14
Food,1994-03-01,143.4,2.14
Food,1994-04-01,143.7,2.06
Food,1994-05-01,144.0,1.62
Food,1994-06-01,144.4,2.12
Food,1994-07-01,145.2,2.69
Food,1994-08-01,145.6,2.61
Food,1994-09-01,145.8,2.6
Food,1994-10-01,145.8,2.17
Food,1994-11-01,146.2,2.24
Food,1994-12-01,147.2,2.58
Food,1995-01-01,147.2,2.51
Food,1995-02-01,147.7,3.0
Food,1995-03-01,147.5,2.86
Food,1995-04-01,148.5,3.34
Food,1995-05-01,148.7,3.26
Food,1995-06-01,148.8,3.05
Food,1995-07-01,149.0,2.62
Food,1995-08-01,149.1,2.4
Food,1995-09-01,149.6,2.61
Food,1995-10-01,150.0,2.88
Food,1995-11-01,150.0,2.6
Food,1995-12-01,150.3,2.11
Food,1996-01-01,150.8,2.45
Food,1996-02-01,151.2,2.37
Food,1996-03-01,151.9,2.98
Food,1996-04-01,152.5,2.69
Food,1996-05-01,152.4,2.49
Food,1996-06-01,153.3,3.02
Food,1996-07-01,153.8,3.22
Food,1996-08-01,154.3,3.49
Food,1996-09-01,155.0,3.61
Food,1996-10-01,155.9,3.93
Food,1996-11-01,156.4,4.27
Food,1996-12-01,156.6,4.19
Food,1997-01-01,156.3,3.65
Food,1997-02-01,156.9,3.77
Food,1997-03-01,157.0,3.36
Food,1997-04-01,157.0,2.95
Food,1997-05-01,157.1,3.08
Food,1997-06-01,157.4,2.67
Food,1997-07-01,157.7,2.54
Food,1997-08-01,158.2,2.53
Food,1997-09-01,158.4,2.19
Food,1997-10-01,158.7,1.8
Food,1997-11-01,159.0,1.66
Food,1997-12-01,159.2,1.66
Food,1998-01-01,159.9,2.3
Food,1998-02-01,159.9,1.91
Food,1998-03-01,160.1,1.97
Food,1998-04-01,160.2,2.04
Food,1998-05-01,160.7,2.29
Food,1998-06-01,160.6,2.03
Food,1998-07-01,161.0,2.09
Food,1998-08-01,161.4,2.02
Food,1998-09-01,161.5,1.96
Food,1998-10-01,162.4,2.33
Food,1998-11-01,162.7,2.33
Food,1998-12-01,162.8,2.26
Food,1999-01-01,163.4,2.19
Food,1999-02-01,163.8,2.44
Food,1999-03-01,163.7,2.25
Food,1999-04-01,163.9,2.31
Food,1999-05-01,164.2,2.18
Food,1999-06-01,164.1,2.18
Food,1999-07-01,164.4,2.11
Food,1999-08-01,164.7,2.04
Food,1999-09-01,165.1,2.23
Food,1999-10-01,165.5,1.91
Food,1999-11-01,165.8,1.91
Food,1999-12-01,166.0,1.97
Food,2000-01-01,166.1,1.65
Food,2000-02-01,166.7,1.77
Food,2000-03-01,167.1,2.08
Food,2000-04-01,167.2,2.01
Food,2000-05-01,167.8,2.19
Food,2000-06-01,168.0,2.38
Food,2000-07-01,168.8,2.68
Food,2000-08-01,169.3,2.79
Food,2000-09-01,169.4,2.6
Food,2000-10-01,169.6,2.48
Food,2000-11-01,169.7,2.35
Food,2000-12-01,170.5,2.71
Food,2001-01-01,170.9,2.89
Food,2001-02-01,171.7,3.0
Food,2001-03-01,172.2,3.05
Food,2001-04-01,172.6,3.23
Food,2001-05-01,172.9,3.04
Food,2001-06-01,173.5,3.27
Food,2001-07-01,174.1,3.14
Food,2001-08-01,174.5,3.07
Food,2001-09-01,174.7,3.13
Food,2001-10-01,175.3,3.36
Food,2001-11-01,175.4,3.36
Food,2001-12-01,175.2,2.76
Food,2002-01-01,175.8,2.87
Food,2002-02-01,176.2,2.62
Food,2002-03-01,176.6,2.56
Food,2002-04-01,176.9,2.49
Food,2002-05-01,176.4,2.02
Food,2002-06-01,176.5,1.73
Food,2002-07-01,176.7,1.49
Food,2002-08-01,176.7,1.26
Food,2002-09-01,177.0,1.32
Food,2002-10-01,177.0,0.97
Food,2002-11-01,177.5,1.2
Food,2002-12-01,177.7,1.43
Food,2003-01-01,177.7,1.08
Food,2003-02-01,178.7,1.42
Food,2003-03-01,179.0,1.36
Food,2003-04-01,179.1,1.24
Food,2003-05-01,179.4,1.7
Food,2003-06-01,180.3,2.15
Food,2003-07-01,180.4,2.09
Food,2003-08-01,181.1,2.49
Food,2003-09-01,181.5,2.54
Food,2003-10-01,182.2,2.94
Food,2003-11-01,183.1,3.15
Food,2003-12-01,184.0,3.55
Food,2004-01-01,183.9,3.49
Food,2004-02-01,184.3,3.13
Food,2004-03-01,184.7,3.18
Food,2004-04-01,185.1,3.35
Food,2004-05-01,186.5,3.96
Food,2004-06-01,186.9,3.66
Food,2004-07-01,187.3,3.82
Food,2004-08-01,187.5,3.53
Food,2004-09-01,187.4,3.25
Food,2004-10-01,188.3,3.35
Food,2004-11-01,188.9,3.17
Food,2004-12-01,188.9,2.66
Food,2005-01-01,189.1,2.83
Food,2005-02-01,189.2,2.66
Food,2005-03-01,189.6,2.65
Food,2005-04-01,190.8,3.08
Food,2005-05-01,191.0,2.41
Food,2005-06-01,191.0,2.19
Food,2005-07-01,191.4,2.19
Food,2005-08-01,191.5,2.13
Food,2005-09-01,191.9,2.4
Food,2005-10-01,192.4,2.18
Food,2005-11-01,193.0,2.17
Food,2005-12-01,193.3,2.33
Food,2006-01-01,194.1,2.64
Food,2006-02-01,194.2,2.64
Food,2006-03-01,194.4,2.53
Food,2006-04-01,194.3,1.83
Food,2006-05-01,194.7,1.94
Food,2006-06-01,195.3,2.25
Food,2006-07-01,195.7,2.25
Food,2006-08-01,196.2,2.45
Food,2006-09-01,196.8,2.55
Food,2006-10-01,197.4,2.6
Food,2006-11-01,197.4,2.28
Food,2006-12-01,197.5,2.17
Food,2007-01-01,198.813,2.43
Food,2007-02-01,200.126,3.05
Food,2007-03-01,200.853,3.32
Food,2007-04-01,201.392,3.65
Food,2007-05-01,202.157,3.83
Food,2007-06-01,202.977,3.93
Food,2007-07-01,203.64,4.06
Food,2007-08-01,204.418,4.19
Food,2007-09-01,205.347,4.34
Food,2007-10-01,205.988,4.35
Food,2007-11-01,206.789,4.76
Food,2007-12-01,207.141,4.88
Food,2008-01-01,208.392,4.82
Food,2008-02-01,209.183,4.53
Food,2008-03-01,209.595,4.35
Food,2008-04-01,211.368,4.95
Food,2008-05-01,212.204,4.97
Food,2008-06-01,213.452,5.16
Food,2008-07-01,215.449,5.8
Food,2008-08-01,216.53,5.93
Food,2008-09-01,217.749,6.04
Food,2008-10-01,218.632,6.14
Food,2008-11-01,219.079,5.94
Food,2008-12-01,219.151,5.8
Food,2009-01-01,219.323,5.25
Food,2009-02-01,219.058,4.72
Food,2009-03-01,218.682,4.34
Food,2009-04-01,218.372,3.31
Food,2009-05-01,218.053,2.76
Food,2009-06-01,218.092,2.17
Food,2009-07-01,217.725,1.06
Food,2009-08-01,217.738,0.56
Food,2009-09-01,217.664,-0.04
Food,2009-10-01,217.881,-0.34
Food,2009-11-01,218.055,-0.47
Food,2009-12-01,218.341,-0.37
Food,2010-01-01,218.855,-0.21
Food,2010-02-01,218.898,-0.07
Food,2010-03-01,219.321,0.29
Food,2010-04-01,219.531,0.53
Food,2010-05-01,219.651,0.73
Food,2010-06-01,219.627,0.7
Food,2010-07-01,219.643,0.88
Food,2010-08-01,219.879,0.98
Food,2010-09-01,220.598,1.35
Food,2010-10-01,220.911,1.39
Food,2010-11-01,221.315,1.5
Food,2010-12-01,221.556,1.47
Food,2011-01-01,222.735,1.77
Food,2011-02-01,223.734,2.21
Food,2011-03-01,225.337,2.74
Food,2011-04-01,226.18,3.03
Food,2011-05-01,227.045,3.37
Food,2011-06-01,227.603,3.63
Food,2011-07-01,228.473,4.02
Food,2011-08-01,229.577,4.41
Food,2011-09-01,230.561,4.52
Food,2011-10-01,230.776,4.47
Food,2011-11-01,230.976,4.37
Food,2011-12-01,231.392,4.44
Food,2012-01-01,232.131,4.22
Food,2012-02-01,232.103,3.74
Food,2012-03-01,232.502,3.18
Food,2012-04-01,232.934,2.99
Food,2012-05-01,233.127,2.68
Food,2012-06-01,233.624,2.65
Food,2012-07-01,233.752,2.31
Food,2012-08-01,234.108,1.97
Food,2012-09-01,234.286,1.62
Food,2012-10-01,234.694,1.7
Food,2012-11-01,235.1,1.79
Food,2012-12-01,235.521,1.78
Food,2013-01-01,235.86,1.61
Food,2013-02-01,235.903,1.64
Food,2013-03-01,236.13,1.56
Food,2013-04-01,236.574,1.56
Food,2013-05-01,236.387,1.4
Food,2013-06-01,236.912,1.41
Food,2013-07-01,237.133,1.45
Food,2013-08-01,237.407,1.41
Food,2013-09-01,237.464,1.36
Food,2013-10-01,237.693,1.28
Food,2013-11-01,237.895,1.19
Food,2013-12-01,238.133,1.11
Food,2014-01-01,238.417,1.08
Food,2014-02-01,239.247,1.42
Food,2014-03-01,240.24,1.74
Food,2014-04-01,240.995,1.87
Food,2014-05-01,242.107,2.42
Food,2014-06-01,242.345,2.29
Food,2014-07-01,242.883,2.42
Food,2014-08-01,243.505,2.57
Food,2014-09-01,244.148,2.81
Food,2014-10-01,244.5,2.86
Food,2014-11-01,245.106,3.03
Food,2014-12-01,245.84,3.24
Food,2015-01-01,245.764,3.08
Food,2015-02-01,246.056,2.85
Food,2015-03-01,245.685,2.27
Food,2015-04-01,245.615,1.92
Food,2015-05-01,245.886,1.56
Food,2015-06-01,246.511,1.72
Food,2015-07-01,246.733,1.59
Food,2015-08-01,247.295,1.56
Food,2015-09-01,247.984,1.57
Food,2015-10-01,248.288,1.55
Food,2015-11-01,248.075,1.21
Food,2015-12-01,247.761,0.78
Food,2016-01-01,247.967,0.9
Food,2016-02-01,248.244,0.89
Food,2016-03-01,247.699,0.82
Food,2016-04-01,247.906,0.93
Food,2016-05-01,247.575,0.69
Food,2016-06-01,247.42,0.37
Food,2016-07-01,247.406,0.27
Food,2016-08-01,247.479,0.07
Food,2016-09-01,247.528,-0.18
Food,2016-10-01,247.596,-0.28
Food,2016-11-01,247.525,-0.22
Food,2016-12-01,247.53,-0.09
Food,2017-01-01,247.9,-0.03
Food,2017-02-01,248.513,0.11
Food,2017-03-01,249.02,0.53
Food,2017-04-01,249.381,0.59
Food,2017-05-01,249.711,0.86
Food,2017-06-01,249.519,0.85
Food,2017-07-01,249.937,1.02
Food,2017-08-01,250.21,1.1
Food,2017-09-01,250.587,1.24
Food,2017-10-01,250.816,1.3
Food,2017-11-01,250.996,1.4
Food,2017-12-01,251.49,1.6
Food,2018-01-01,252.116,1.7
Food,2018-02-01,252.038,1.42
Food,2018-03-01,252.154,1.26
Food,2018-04-01,252.661,1.32
Food,2018-05-01,252.634,1.17
Food,2018-06-01,252.968,1.38
Food,2018-07-01,253.365,1.37
Food,2018-08-01,253.677,1.39
Food,2018-09-01,254.103,1.4
Food,2018-10-01,254.012,1.27
Food,2018-11-01,254.732,1.49
Food,2018-12-01,255.681,1.67
Food,2019-01-01,256.302,1.66
Food,2019-02-01,256.998,1.97
Food,2019-03-01,257.374,2.07
Food,2019-04-01,257.018,1.72
Food,2019-05-01,257.523,1.94
Food,2019-06-01,257.664,1.86
Food,2019-07-01,257.836,1.76
Food,2019-08-01,258.046,1.72
Food,2019-09-01,258.575,1.76
Food,2019-10-01,259.088,2.0
Food,2019-11-01,259.624,1.92
Food,2019-12-01,260.052,1.71
Food,2020-01-01,260.858,1.78
Food,2020-02-01,261.567,1.78
Food,2020-03-01,262.239,1.89
Food,2020-04-01,265.777,3.41
Food,2020-05-01,267.464,3.86
Food,2020-06-01,268.849,4.34
Food,2020-07-01,267.824,3.87
Food,2020-08-01,268.271,3.96
Food,2020-09-01,268.354,3.78
Food,2020-10-01,269.007,3.83
Food,2020-11-01,269.066,3.64
Food,2020-12-01,270.088,3.86
Food,2021-01-01,270.499,3.7
Food,2021-02-01,270.73,3.5
Food,2021-03-01,270.971,3.33
Food,2021-04-01,272.018,2.35
Food,2021-05-01,273.181,2.14
Food,2021-06-01,275.185,2.36
Food,2021-07-01,276.895,3.39
Food,2021-08-01,278.084,3.66
Food,2021-09-01,280.322,4.46
Food,2021-10-01,282.727,5.1
Food,2021-11-01,284.767,5.84
Food,2021-12-01,286.343,6.02
Food,2022-01-01,288.549,6.67
Food,2022-02-01,291.342,7.61
Food,2022-03-01,293.893,8.46
Food,2022-04-01,296.568,9.03
Food,2022-05-01,299.817,9.75
Food,2022-06-01,302.774,10.03
Food,2022-07-01,305.962,10.5
Food,2022-08-01,308.475,10.93
Food,2022-09-01,310.453,10.75
Food,2022-10-01,312.594,10.56
Food,2022-11-01,314.179,10.33
Food,2022-12-01,315.367,10.14
Food,2023-01-01,316.859,9.81
Food,2023-02-01,318.025,9.16
Food,2023-03-01,318.05,8.22
Food,2023-04-01,318.755,7.48
Food,2023-05-01,319.587,6.59
Food,2023-06-01,319.942,5.67
Food,2023-07-01,320.719,4.82
Food,2023-08-01,321.524,4.23
Food,2023-09-01,321.945,3.7
Food,2023-10-01,322.992,3.33
Food,2023-11-01,323.41,2.94
Food,2023-12-01,323.891,2.7
Food,2024-01-01,324.873,2.53
Food,2024-02-01,325.168,2.25
Food,2024-03-01,325.24,2.26
Food,2024-04-01,325.894,2.24
Food,2024-05-01,326.385,2.13
Food,2024-06-01,327.042,2.22
Food,2024-07-01,327.74,2.19
Food,2024-08-01,328.154,2.06
Food,2024-09-01,329.109,2.23
Food,2024-10-01,329.851,2.12
Food,2024-11-01,330.937,2.33
Food,2024-12-01,331.65,2.4
Food,2025-01-01,332.626,2.39
Food,2025-02-01,333.302,2.5
Food,2025-03-01,334.527,2.86
Food,2025-04-01,334.68,2.7
Food,2025-05-01,335.571,2.81
Food,2025-06-01,336.527,2.9
Food,2025-07-01,336.941,2.81
Food,2025-08-01,338.39,3.12
Food,2025-09-01,339.145,3.05
Food,2025-11-01,339.478,2.92
Food,2025-12-01,341.563,3.21
Food,2026-01-01,342.194,3.18
Food,2026-02-01,343.477,3.26
Food,2026-03-01,343.51,3.06
Food,2026-04-01,345.197,3.19
Food,2026-05-01,345.715,3.3
Housing,1967-01-01,30.5,
Housing,1967-02-01,30.5,
Housing,1967-03-01,30.5,
Housing,1967-04-01,30.6,
Housing,1967-05-01,30.7,
Housing,1967-06-01,30.7,
Housing,1967-07-01,30.8,
Housing,1967-08-01,30.9,
Housing,1967-09-01,31.0,
Housing,1967-10-01,31.0,
Housing,1967-11-01,31.1,
Housing,1967-12-01,31.2,
Housing,1968-01-01,31.3,2.62
Housing,1968-02-01,31.4,2.95
Housing,1968-03-01,31.5,3.28
Housing,1968-04-01,31.6,3.27
Housing,1968-05-01,31.7,3.26
Housing,1968-06-01,31.9,3.91
Housing,1968-07-01,32.1,4.22
Housing,1968-08-01,32.3,4.53
Housing,1968-09-01,32.4,4.52
Housing,1968-10-01,32.5,4.84
Housing,1968-11-01,32.7,5.14
Housing,1968-12-01,32.9,5.45
Housing,1969-01-01,33.0,5.43
Housing,1969-02-01,33.1,5.41
Housing,1969-03-01,33.4,6.03
Housing,1969-04-01,33.6,6.33
Housing,1969-05-01,33.7,6.31
Housing,1969-06-01,33.9,6.27
Housing,1969-07-01,34.1,6.23
Housing,1969-08-01,34.3,6.19
Housing,1969-09-01,34.5,6.48
Housing,1969-10-01,34.7,6.77
Housing,1969-11-01,34.8,6.42
Housing,1969-12-01,35.0,6.38
Housing,1970-01-01,35.1,6.36
Housing,1970-02-01,35.4,6.95
Housing,1970-03-01,35.8,7.19
Housing,1970-04-01,35.9,6.85
Housing,1970-05-01,36.1,7.12
Housing,1970-06-01,36.3,7.08
Housing,1970-07-01,36.5,7.04
Housing,1970-08-01,36.6,6.71
Housing,1970-09-01,36.9,6.96
Housing,1970-10-01,37.1,6.92
Housing,1970-11-01,37.3,7.18
Housing,1970-12-01,37.4,6.86
Housing,1971-01-01,37.5,6.84
Housing,1971-02-01,37.5,5.93
Housing,1971-03-01,37.4,4.47
Housing,1971-04-01,37.4,4.18
Housing,1971-05-01,37.6,4.16
Housing,1971-06-01,37.9,4.41
Housing,1971-07-01,38.1,4.38
Housing,1971-08-01,38.2,4.37
Housing,1971-09-01,38.4,4.07
Housing,1971-10-01,38.5,3.77
Housing,1971-11-01,38.6,3.49
Housing,1971-12-01,38.7,3.48
Housing,1972-01-01,38.9,3.73
Housing,1972-02-01,39.0,4.0
Housing,1972-03-01,39.0,4.28
Housing,1972-04-01,39.1,4.55
Housing,1972-05-01,39.2,4.26
Housing,1972-06-01,39.4,3.96
Housing,1972-07-01,39.6,3.94
Housing,1972-08-01,39.7,3.93
Housing,1972-09-01,39.8,3.65
Housing,1972-10-01,39.8,3.38
Housing,1972-11-01,39.9,3.37
Housing,1972-12-01,40.1,3.62
Housing,1973-01-01,40.1,3.08
Housing,1973-02-01,40.2,3.08
Housing,1973-03-01,40.4,3.59
Housing,1973-04-01,40.5,3.58
Housing,1973-05-01,40.6,3.57
Housing,1973-06-01,40.9,3.81
Housing,1973-07-01,41.0,3.54
Housing,1973-08-01,41.3,4.03
Housing,1973-09-01,41.7,4.77
Housing,1973-10-01,42.1,5.78
Housing,1973-11-01,42.5,6.52
Housing,1973-12-01,42.8,6.73
Housing,1974-01-01,43.3,7.98
Housing,1974-02-01,43.6,8.46
Housing,1974-03-01,44.1,9.16
Housing,1974-04-01,44.4,9.63
Housing,1974-05-01,44.9,10.59
Housing,1974-06-01,45.4,11.0
Housing,1974-07-01,45.9,11.95
Housing,1974-08-01,46.5,12.59
Housing,1974-09-01,47.1,12.95
Housing,1974-10-01,47.7,13.3
Housing,1974-11-01,48.1,13.18
Housing,1974-12-01,48.6,13.55
Housing,1975-01-01,49.0,13.16
Housing,1975-02-01,49.4,13.3
Housing,1975-03-01,49.7,12.7
Housing,1975-04-01,50.0,12.61
Housing,1975-05-01,50.2,11.8
Housing,1975-06-01,50.5,11.23
Housing,1975-07-01,50.7,10.46
Housing,1975-08-01,51.0,9.68
Housing,1975-09-01,51.3,8.92
Housing,1975-10-01,51.5,7.97
Housing,1975-11-01,52.0,8.11
Housing,1975-12-01,52.3,7.61
Housing,1976-01-01,52.6,7.35
Housing,1976-02-01,52.8,6.88
Housing,1976-03-01,52.9,6.44
Housing,1976-04-01,53.1,6.2
Housing,1976-05-01,53.2,5.98
Housing,1976-06-01,53.5,5.94
Housing,1976-07-01,53.8,6.11
Housing,1976-08-01,54.1,6.08
Housing,1976-09-01,54.4,6.04
Housing,1976-10-01,54.6,6.02
Housing,1976-11-01,54.8,5.38
Housing,1976-12-01,55.1,5.35
Housing,1977-01-01,55.6,5.7
Housing,1977-02-01,55.9,5.87
Housing,1977-03-01,56.2,6.24
Housing,1977-04-01,56.5,6.4
Housing,1977-05-01,56.8,6.77
Housing,1977-06-01,57.1,6.73
Housing,1977-07-01,57.6,7.06
Housing,1977-08-01,57.9,7.02
Housing,1977-09-01,58.3,7.17
Housing,1977-10-01,58.6,7.33
Housing,1977-11-01,59.0,7.66
Housing,1977-12-01,59.4,7.8
Housing,1978-01-01,59.7,7.37
Housing,1978-02-01,60.1,7.51
Housing,1978-03-01,60.5,7.65
Housing,1978-04-01,61.0,7.96
Housing,1978-05-01,61.6,8.45
Housing,1978-06-01,62.1,8.76
Housing,1978-07-01,62.7,8.85
Housing,1978-08-01,63.1,8.98
Housing,1978-09-01,63.8,9.43
Housing,1978-10-01,64.5,10.07
Housing,1978-11-01,64.9,10.0
Housing,1978-12-01,65.2,9.76
Housing,1979-01-01,65.7,10.05
Housing,1979-02-01,66.5,10.65
Housing,1979-03-01,67.0,10.74
Housing,1979-04-01,67.7,10.98
Housing,1979-05-01,68.4,11.04
Housing,1979-06-01,69.3,11.59
Housing,1979-07-01,70.2,11.96
Housing,1979-08-01,71.2,12.84
Housing,1979-09-01,72.1,13.01
Housing,1979-10-01,73.1,13.33
Housing,1979-11-01,74.2,14.33
Housing,1979-12-01,75.2,15.34
Housing,1980-01-01,76.2,15.98
Housing,1980-02-01,77.2,16.09
Housing,1980-03-01,78.3,16.87
Housing,1980-04-01,79.4,17.28
Housing,1980-05-01,80.5,17.69
Housing,1980-06-01,82.0,18.33
Housing,1980-07-01,81.5,16.1
Housing,1980-08-01,81.8,14.89
Housing,1980-09-01,82.3,14.15
Housing,1980-10-01,83.4,14.09
Housing,1980-11-01,84.4,13.75
Housing,1980-12-01,85.5,13.7
Housing,1981-01-01,86.1,12.99
Housing,1981-02-01,86.6,12.18
Housing,1981-03-01,87.1,11.24
Housing,1981-04-01,87.8,10.58
Housing,1981-05-01,88.8,10.31
Housing,1981-06-01,89.8,9.51
Housing,1981-07-01,91.3,12.02
Housing,1981-08-01,92.2,12.71
Housing,1981-09-01,93.4,13.49
Housing,1981-10-01,93.4,11.99
Housing,1981-11-01,93.8,11.14
Housing,1981-12-01,94.1,10.06
Housing,1982-01-01,94.4,9.64
Housing,1982-02-01,94.7,9.35
Housing,1982-03-01,94.6,8.61
Housing,1982-04-01,95.4,8.66
Housing,1982-05-01,96.7,8.9
Housing,1982-06-01,97.7,8.8
Housing,1982-07-01,98.1,7.45
Housing,1982-08-01,98.4,6.72
Housing,1982-09-01,98.2,5.14
Housing,1982-10-01,98.6,5.57
Housing,1982-11-01,98.3,4.8
Housing,1982-12-01,97.5,3.61
Housing,1983-01-01,98.0,3.81
Housing,1983-02-01,98.2,3.7
Housing,1983-03-01,98.3,3.91
Housing,1983-04-01,98.9,3.67
Housing,1983-05-01,99.1,2.48
Housing,1983-06-01,99.3,1.64
Housing,1983-07-01,99.7,1.63
Housing,1983-08-01,99.8,1.42
Housing,1983-09-01,100.1,1.93
Housing,1983-10-01,100.4,1.83
Housing,1983-11-01,100.8,2.54
Housing,1983-12-01,101.0,3.59
Housing,1984-01-01,101.5,3.57
Housing,1984-02-01,102.1,3.97
Housing,1984-03-01,102.3,4.07
Housing,1984-04-01,102.9,4.04
Housing,1984-05-01,103.1,4.04
Housing,1984-06-01,103.3,4.03
Housing,1984-07-01,103.9,4.21
Housing,1984-08-01,104.2,4.41
Housing,1984-09-01,104.7,4.6
Housing,1984-10-01,104.9,4.48
Housing,1984-11-01,105.1,4.27
Housing,1984-12-01,105.3,4.26
Housing,1985-01-01,105.5,3.94
Housing,1985-02-01,106.0,3.82
Housing,1985-03-01,106.4,4.01
Housing,1985-04-01,106.7,3.69
Housing,1985-05-01,107.4,4.17
Housing,1985-06-01,107.6,4.16
Housing,1985-07-01,107.9,3.85
Housing,1985-08-01,108.3,3.93
Housing,1985-09-01,108.5,3.63
Housing,1985-10-01,108.9,3.81
Housing,1985-11-01,109.5,4.19
Housing,1985-12-01,109.8,4.27
Housing,1986-01-01,110.1,4.36
Housing,1986-02-01,110.0,3.77
Housing,1986-03-01,110.3,3.67
Housing,1986-04-01,110.4,3.47
Housing,1986-05-01,110.4,2.79
Housing,1986-06-01,110.9,3.07
Housing,1986-07-01,110.9,2.78
Housing,1986-08-01,111.1,2.59
Housing,1986-09-01,111.5,2.76
Housing,1986-10-01,111.6,2.48
Housing,1986-11-01,111.6,1.92
Housing,1986-12-01,111.9,1.91
Housing,1987-01-01,112.3,2.0
Housing,1987-02-01,112.7,2.45
Housing,1987-03-01,113.0,2.45
Housing,1987-04-01,113.5,2.81
Housing,1987-05-01,113.8,3.08
Housing,1987-06-01,114.1,2.89
Housing,1987-07-01,114.3,3.07
Housing,1987-08-01,114.9,3.42
Housing,1987-09-01,115.2,3.32
Housing,1987-10-01,115.5,3.49
Housing,1987-11-01,115.8,3.76
Housing,1987-12-01,116.1,3.75
Housing,1988-01-01,116.4,3.65
Housing,1988-02-01,116.8,3.64
Housing,1988-03-01,117.2,3.72
Housing,1988-04-01,117.6,3.61
Housing,1988-05-01,117.9,3.6
Housing,1988-06-01,118.3,3.68
Housing,1988-07-01,118.6,3.76
Housing,1988-08-01,119.0,3.57
Housing,1988-09-01,119.5,3.73
Housing,1988-10-01,119.9,3.81
Housing,1988-11-01,120.2,3.8
Housing,1988-12-01,120.6,3.88
Housing,1989-01-01,120.9,3.87
Housing,1989-02-01,121.1,3.68
Housing,1989-03-01,121.5,3.67
Housing,1989-04-01,121.9,3.66
Housing,1989-05-01,122.3,3.73
Housing,1989-06-01,122.7,3.72
Housing,1989-07-01,123.3,3.96
Housing,1989-08-01,123.7,3.95
Housing,1989-09-01,123.8,3.6
Housing,1989-10-01,124.5,3.84
Housing,1989-11-01,124.9,3.91
Housing,1989-12-01,125.4,3.98
Housing,1990-01-01,126.1,4.3
Housing,1990-02-01,126.2,4.21
Housing,1990-03-01,126.8,4.36
Housing,1990-04-01,127.1,4.27
Housing,1990-05-01,127.3,4.09
Housing,1990-06-01,128.1,4.4
Housing,1990-07-01,128.7,4.38
Housing,1990-08-01,129.7,4.85
Housing,1990-09-01,130.2,5.17
Housing,1990-10-01,130.6,4.9
Housing,1990-11-01,130.8,4.72
Housing,1990-12-01,131.0,4.47
Housing,1991-01-01,132.0,4.68
Housing,1991-02-01,132.4,4.91
Housing,1991-03-01,132.6,4.57
Housing,1991-04-01,132.7,4.41
Housing,1991-05-01,133.1,4.56
Housing,1991-06-01,133.2,3.98
Housing,1991-07-01,133.6,3.81
Housing,1991-08-01,133.8,3.16
Housing,1991-09-01,134.3,3.15
Housing,1991-10-01,134.7,3.14
Housing,1991-11-01,135.2,3.36
Housing,1991-12-01,135.6,3.51
Housing,1992-01-01,135.9,2.95
Housing,1992-02-01,136.1,2.79
Housing,1992-03-01,136.4,2.87
Housing,1992-04-01,136.7,3.01
Housing,1992-05-01,136.9,2.85
Housing,1992-06-01,137.4,3.15
Housing,1992-07-01,137.7,3.07
Housing,1992-08-01,137.9,3.06
Housing,1992-09-01,138.1,2.83
Housing,1992-10-01,138.6,2.9
Housing,1992-11-01,139.0,2.81
Housing,1992-12-01,139.2,2.65
Housing,1993-01-01,139.6,2.72
Housing,1993-02-01,139.6,2.57
Housing,1993-03-01,140.0,2.64
Housing,1993-04-01,140.6,2.85
Housing,1993-05-01,140.8,2.85
Housing,1993-06-01,141.2,2.77
Housing,1993-07-01,141.3,2.61
Housing,1993-08-01,141.7,2.76
Housing,1993-09-01,142.0,2.82
Housing,1993-10-01,142.3,2.67
Housing,1993-11-01,142.6,2.59
Housing,1993-12-01,143.0,2.73
Housing,1994-01-01,143.2,2.58
Housing,1994-02-01,143.7,2.94
Housing,1994-03-01,144.1,2.93
Housing,1994-04-01,144.0,2.42
Housing,1994-05-01,144.4,2.56
Housing,1994-06-01,144.6,2.41
Housing,1994-07-01,144.8,2.48
Housing,1994-08-01,145.3,2.54
Housing,1994-09-01,145.5,2.46
Housing,1994-10-01,145.7,2.39
Housing,1994-11-01,146.0,2.38
Housing,1994-12-01,146.0,2.1
Housing,1995-01-01,146.6,2.37
Housing,1995-02-01,146.9,2.23
Housing,1995-03-01,147.2,2.15
Housing,1995-04-01,147.6,2.5
Housing,1995-05-01,147.9,2.42
Housing,1995-06-01,148.2,2.49
Housing,1995-07-01,148.6,2.62
Housing,1995-08-01,149.0,2.55
Housing,1995-09-01,149.2,2.54
Housing,1995-10-01,149.8,2.81
Housing,1995-11-01,150.0,2.74
Housing,1995-12-01,150.3,2.95
Housing,1996-01-01,150.9,2.93
Housing,1996-02-01,151.2,2.93
Housing,1996-03-01,151.6,2.99
Housing,1996-04-01,151.9,2.91
Housing,1996-05-01,152.3,2.97
Housing,1996-06-01,152.4,2.83
Housing,1996-07-01,153.0,2.96
Housing,1996-08-01,153.4,2.95
Housing,1996-09-01,153.7,3.02
Housing,1996-10-01,154.0,2.8
Housing,1996-11-01,154.4,2.93
Housing,1996-12-01,154.7,2.93
Housing,1997-01-01,155.3,2.92
Housing,1997-02-01,155.7,2.98
Housing,1997-03-01,155.7,2.7
Housing,1997-04-01,156.0,2.7
Housing,1997-05-01,156.2,2.56
Housing,1997-06-01,156.6,2.76
Housing,1997-07-01,156.9,2.55
Housing,1997-08-01,157.1,2.41
Housing,1997-09-01,157.5,2.47
Housing,1997-10-01,157.8,2.47
Housing,1997-11-01,158.3,2.53
Housing,1997-12-01,158.4,2.39
Housing,1998-01-01,158.7,2.19
Housing,1998-02-01,158.8,1.99
Housing,1998-03-01,159.2,2.25
Housing,1998-04-01,159.6,2.31
Housing,1998-05-01,160.0,2.43
Housing,1998-06-01,160.2,2.3
Housing,1998-07-01,160.5,2.29
Housing,1998-08-01,160.8,2.36
Housing,1998-09-01,161.1,2.29
Housing,1998-10-01,161.5,2.34
Housing,1998-11-01,161.9,2.27
Housing,1998-12-01,162.2,2.4
Housing,1999-01-01,162.2,2.21
Housing,1999-02-01,162.4,2.27
Housing,1999-03-01,162.7,2.2
Housing,1999-04-01,163.1,2.19
Housing,1999-05-01,163.3,2.06
Housing,1999-06-01,163.6,2.12
Housing,1999-07-01,164.0,2.18
Housing,1999-08-01,164.3,2.18
Housing,1999-09-01,164.9,2.36
Housing,1999-10-01,165.1,2.23
Housing,1999-11-01,165.5,2.22
Housing,1999-12-01,165.7,2.16
Housing,2000-01-01,166.5,2.65
Housing,2000-02-01,167.3,3.02
Housing,2000-03-01,167.7,3.07
Housing,2000-04-01,167.9,2.94
Housing,2000-05-01,168.3,3.06
Housing,2000-06-01,169.2,3.42
Housing,2000-07-01,169.9,3.6
Housing,2000-08-01,170.2,3.59
Housing,2000-09-01,171.1,3.76
Housing,2000-10-01,171.8,4.06
Housing,2000-11-01,172.2,4.05
Housing,2000-12-01,172.8,4.28
Housing,2001-01-01,174.5,4.8
Housing,2001-02-01,174.9,4.54
Housing,2001-03-01,175.3,4.53
Housing,2001-04-01,175.4,4.47
Housing,2001-05-01,176.1,4.63
Housing,2001-06-01,176.8,4.49
Housing,2001-07-01,176.8,4.06
Housing,2001-08-01,177.1,4.05
Housing,2001-09-01,177.0,3.45
Housing,2001-10-01,176.9,2.97
Housing,2001-11-01,177.5,3.08
Housing,2001-12-01,177.9,2.95
Housing,2002-01-01,178.3,2.18
Housing,2002-02-01,178.7,2.17
Housing,2002-03-01,179.0,2.11
Housing,2002-04-01,179.5,2.34
Housing,2002-05-01,179.8,2.1
Housing,2002-06-01,180.0,1.81
Housing,2002-07-01,180.2,1.92
Housing,2002-08-01,180.7,2.03
Housing,2002-09-01,181.1,2.32
Housing,2002-10-01,181.5,2.6
Housing,2002-11-01,182.0,2.54
Housing,2002-12-01,182.3,2.47
Housing,2003-01-01,182.9,2.58
Housing,2003-02-01,183.4,2.63
Housing,2003-03-01,184.2,2.91
Housing,2003-04-01,184.0,2.51
Housing,2003-05-01,184.6,2.67
Housing,2003-06-01,184.6,2.56
Housing,2003-07-01,184.9,2.61
Housing,2003-08-01,185.2,2.49
Housing,2003-09-01,185.5,2.43
Housing,2003-10-01,185.9,2.42
Housing,2003-11-01,186.0,2.2
Housing,2003-12-01,186.4,2.25
Housing,2004-01-01,186.9,2.19
Housing,2004-02-01,187.1,2.02
Housing,2004-03-01,187.7,1.9
Housing,2004-04-01,188.3,2.34
Housing,2004-05-01,188.9,2.33
Housing,2004-06-01,189.5,2.65
Housing,2004-07-01,189.9,2.7
Housing,2004-08-01,190.3,2.75
Housing,2004-09-01,190.8,2.86
Housing,2004-10-01,191.2,2.85
Housing,2004-11-01,191.8,3.12
Housing,2004-12-01,192.1,3.06
Housing,2005-01-01,192.3,2.89
Housing,2005-02-01,193.0,3.15
Housing,2005-03-01,193.9,3.3
Housing,2005-04-01,194.3,3.19
Housing,2005-05-01,194.6,3.02
Housing,2005-06-01,194.6,2.69
Housing,2005-07-01,195.4,2.9
Housing,2005-08-01,195.9,2.94
Housing,2005-09-01,196.8,3.14
Housing,2005-10-01,198.7,3.92
Housing,2005-11-01,199.5,4.01
Housing,2005-12-01,199.6,3.9
Housing,2006-01-01,200.5,4.26
Housing,2006-02-01,200.8,4.04
Housing,2006-03-01,201.2,3.76
Housing,2006-04-01,201.6,3.76
Housing,2006-05-01,202.3,3.96
Housing,2006-06-01,202.8,4.21
Housing,2006-07-01,203.4,4.09
Housing,2006-08-01,204.1,4.19
Housing,2006-09-01,204.7,4.01
Housing,2006-10-01,204.8,3.07
Housing,2006-11-01,205.5,3.01
Housing,2006-12-01,206.2,3.31
Housing,2007-01-01,206.788,3.14
Housing,2007-02-01,207.536,3.35
Housing,2007-03-01,208.119,3.44
Housing,2007-04-01,208.518,3.43
Housing,2007-05-01,208.883,3.25
Housing,2007-06-01,209.561,3.33
Housing,2007-07-01,209.743,3.12
Housing,2007-08-01,210.004,2.89
Housing,2007-09-01,210.5,2.83
Housing,2007-10-01,211.057,3.06
Housing,2007-11-01,211.864,3.1
Housing,2007-12-01,212.418,3.02
Housing,2008-01-01,212.873,2.94
Housing,2008-02-01,213.377,2.81
Housing,2008-03-01,214.422,3.03
Housing,2008-04-01,214.997,3.11
Housing,2008-05-01,215.866,3.34
Housing,2008-06-01,216.864,3.48
Housing,2008-07-01,218.014,3.94
Housing,2008-08-01,218.053,3.83
Housing,2008-09-01,217.836,3.49
Housing,2008-10-01,217.705,3.15
Housing,2008-11-01,217.585,2.7
Housing,2008-12-01,217.469,2.38
Housing,2009-01-01,217.631,2.24
Housing,2009-02-01,217.563,1.96
Housing,2009-03-01,217.458,1.42
Housing,2009-04-01,217.304,1.07
Housing,2009-05-01,216.99,0.52
Housing,2009-06-01,216.955,0.04
Housing,2009-07-01,216.581,-0.66
Housing,2009-08-01,216.729,-0.61
Housing,2009-09-01,216.68,-0.53
Housing,2009-10-01,216.942,-0.35
Housing,2009-11-01,216.962,-0.29
Housing,2009-12-01,216.899,-0.26
Housing,2010-01-01,216.206,-0.65
Housing,2010-02-01,216.042,-0.7
Housing,2010-03-01,216.146,-0.6
Housing,2010-04-01,216.092,-0.56
Housing,2010-05-01,216.128,-0.4
Housing,2010-06-01,216.06,-0.41
Housing,2010-07-01,216.214,-0.17
Housing,2010-08-01,216.254,-0.22
Housing,2010-09-01,216.234,-0.21
Housing,2010-10-01,216.359,-0.27
Housing,2010-11-01,216.484,-0.22
Housing,2010-12-01,216.823,-0.04
Housing,2011-01-01,217.061,0.4
Housing,2011-02-01,217.443,0.65
Housing,2011-03-01,217.794,0.76
Housing,2011-04-01,218.186,0.97
Housing,2011-05-01,218.521,1.11
Housing,2011-06-01,218.808,1.27
Housing,2011-07-01,219.386,1.47
Housing,2011-08-01,219.802,1.64
Housing,2011-09-01,220.152,1.81
Housing,2011-10-01,220.447,1.89
Housing,2011-11-01,220.685,1.94
Housing,2011-12-01,220.966,1.91
Housing,2012-01-01,221.096,1.86
Housing,2012-02-01,221.299,1.77
Housing,2012-03-01,221.579,1.74
Housing,2012-04-01,221.992,1.74
Housing,2012-05-01,222.069,1.62
Housing,2012-06-01,222.319,1.6
Housing,2012-07-01,222.508,1.42
Housing,2012-08-01,223.031,1.47
Housing,2012-09-01,223.463,1.5
Housing,2012-10-01,223.949,1.59
Housing,2012-11-01,224.504,1.73
Housing,2012-12-01,224.757,1.72
Housing,2013-01-01,225.106,1.81
Housing,2013-02-01,225.58,1.93
Housing,2013-03-01,225.769,1.89
Housing,2013-04-01,226.299,1.94
Housing,2013-05-01,226.949,2.2
Housing,2013-06-01,227.324,2.25
Housing,2013-07-01,227.579,2.28
Housing,2013-08-01,227.911,2.19
Housing,2013-09-01,228.354,2.19
Housing,2013-10-01,228.584,2.07
Housing,2013-11-01,229.119,2.06
Housing,2013-12-01,229.623,2.17
Housing,2014-01-01,230.52,2.41
Housing,2014-02-01,231.084,2.44
Housing,2014-03-01,232.119,2.81
Housing,2014-04-01,232.014,2.53
Housing,2014-05-01,232.785,2.57
Housing,2014-06-01,233.117,2.55
Housing,2014-07-01,233.695,2.69
Housing,2014-08-01,233.928,2.64
Housing,2014-09-01,234.234,2.57
Housing,2014-10-01,234.656,2.66
Housing,2014-11-01,235.0,2.57
Housing,2014-12-01,235.425,2.53
Housing,2015-01-01,235.735,2.26
Housing,2015-02-01,236.2,2.21
Housing,2015-03-01,236.602,1.93
Housing,2015-04-01,237.086,2.19
Housing,2015-05-01,237.21,1.9
Housing,2015-06-01,237.804,2.01
Housing,2015-07-01,238.334,1.99
Housing,2015-08-01,238.7,2.04
Housing,2015-09-01,239.236,2.14
Housing,2015-10-01,239.593,2.1
Housing,2015-11-01,240.001,2.13
Housing,2015-12-01,240.224,2.04
Housing,2016-01-01,240.673,2.09
Housing,2016-02-01,241.124,2.08
Housing,2016-03-01,241.587,2.11
Housing,2016-04-01,242.071,2.1
Housing,2016-05-01,242.833,2.37
Housing,2016-06-01,243.515,2.4
Housing,2016-07-01,244.224,2.47
Housing,2016-08-01,244.911,2.6
Housing,2016-09-01,245.755,2.72
Housing,2016-10-01,246.48,2.87
Housing,2016-11-01,246.985,2.91
Housing,2016-12-01,247.543,3.05
Housing,2017-01-01,248.164,3.11
Housing,2017-02-01,248.807,3.19
Housing,2017-03-01,249.098,3.11
Housing,2017-04-01,249.8,3.19
Housing,2017-05-01,250.408,3.12
Housing,2017-06-01,250.933,3.05
Housing,2017-07-01,251.21,2.86
Housing,2017-08-01,252.086,2.93
Housing,2017-09-01,252.603,2.79
Housing,2017-10-01,253.292,2.76
Housing,2017-11-01,253.798,2.76
Housing,2017-12-01,254.575,2.84
Housing,2018-01-01,255.117,2.8
Housing,2018-02-01,255.827,2.82
Housing,2018-03-01,256.508,2.97
Housing,2018-04-01,257.232,2.98
Housing,2018-05-01,257.894,2.99
Housing,2018-06-01,258.004,2.82
Housing,2018-07-01,258.594,2.94
Housing,2018-08-01,259.39,2.9
Housing,2018-09-01,259.582,2.76
Housing,2018-10-01,260.391,2.8
Housing,2018-11-01,261.054,2.86
Housing,2018-12-01,262.124,2.97
Housing,2019-01-01,262.46,2.88
Housing,2019-02-01,263.144,2.86
Housing,2019-03-01,263.951,2.9
Housing,2019-04-01,264.649,2.88
Housing,2019-05-01,265.129,2.81
Housing,2019-06-01,265.866,3.05
Housing,2019-07-01,266.527,3.07
Housing,2019-08-01,266.832,2.87
Housing,2019-09-01,267.574,3.08
Housing,2019-10-01,267.93,2.9
Housing,2019-11-01,268.444,2.83
Housing,2019-12-01,268.86,2.57
Housing,2020-01-01,269.689,2.75
Housing,2020-02-01,270.365,2.74
Housing,2020-03-01,270.321,2.41
Housing,2020-04-01,270.366,2.16
Housing,2020-05-01,270.785,2.13
Housing,2020-06-01,271.26,2.03
Housing,2020-07-01,271.942,2.03
Housing,2020-08-01,272.539,2.14
Housing,2020-09-01,272.895,1.99
Housing,2020-10-01,273.154,1.95
Housing,2020-11-01,273.806,2.0
Housing,2020-12-01,274.303,2.02
Housing,2021-01-01,274.397,1.75
Housing,2021-02-01,275.115,1.76
Housing,2021-03-01,275.994,2.1
Housing,2021-04-01,277.391,2.6
Housing,2021-05-01,278.624,2.89
Housing,2021-06-01,279.805,3.15
Housing,2021-07-01,281.084,3.36
Housing,2021-08-01,282.041,3.49
Housing,2021-09-01,283.523,3.89
Housing,2021-10-01,285.563,4.54
Housing,2021-11-01,286.952,4.8
Housing,2021-12-01,288.28,5.1
Housing,2022-01-01,289.914,5.65
Housing,2022-02-01,291.425,5.93
Housing,2022-03-01,293.485,6.34
Housing,2022-04-01,295.413,6.5
Housing,2022-05-01,297.892,6.92
Housing,2022-06-01,300.382,7.35
Housing,2022-07-01,301.868,7.39
Housing,2022-08-01,304.177,7.85
Housing,2022-09-01,306.281,8.03
Housing,2022-10-01,308.076,7.88
Housing,2022-11-01,309.357,7.81
Housing,2022-12-01,311.469,8.04
Housing,2023-01-01,313.812,8.24
Housing,2023-02-01,315.355,8.21
Housing,2023-03-01,316.363,7.8
Housing,2023-04-01,317.366,7.43
Housing,2023-05-01,318.146,6.8
Housing,2023-06-01,319.355,6.32
Housing,2023-07-01,320.552,6.19
Housing,2023-08-01,321.52,5.7
Housing,2023-09-01,323.25,5.54
Housing,2023-10-01,324.251,5.25
Housing,2023-11-01,325.495,5.22
Housing,2023-12-01,326.52,4.83
Housing,2024-01-01,328.419,4.65
Housing,2024-02-01,329.687,4.54
Housing,2024-03-01,331.054,4.64
Housing,2024-04-01,331.697,4.52
Housing,2024-05-01,332.638,4.56
Housing,2024-06-01,333.368,4.39
Housing,2024-07-01,334.461,4.34
Housing,2024-08-01,335.483,4.34
Housing,2024-09-01,336.436,4.08
Housing,2024-10-01,337.826,4.19
Housing,2024-11-01,338.952,4.13
Housing,2024-12-01,339.905,4.1
Housing,2025-01-01,341.068,3.85
Housing,2025-02-01,342.357,3.84
Housing,2025-03-01,343.327,3.71
Housing,2025-04-01,344.85,3.97
Housing,2025-05-01,345.845,3.97
Housing,2025-06-01,346.893,4.06
Housing,2025-07-01,347.642,3.94
Housing,2025-08-01,348.822,3.98
Housing,2025-09-01,349.429,3.86
Housing,2025-11-01,350.853,3.86
Housing,2025-12-01,352.085,3.87
Housing,2026-01-01,352.739,3.78
Housing,2026-02-01,353.699,3.7
Housing,2026-03-01,354.888,3.66
Housing,2026-04-01,357.366,4.09
Housing,2026-05-01,358.244,3.88
Services,1956-01-01,20.7,
Services,1956-02-01,20.7,
Services,1956-03-01,20.7,
Services,1956-04-01,20.8,
Services,1956-05-01,20.8,
Services,1956-06-01,20.9,
Services,1956-07-01,20.9,
Services,1956-08-01,21.0,
Services,1956-09-01,21.1,
Services,1956-10-01,21.1,
Services,1956-11-01,21.2,
Services,1956-12-01,21.3,
Services,1957-01-01,21.4,3.38
Services,1957-02-01,21.4,3.38
Services,1957-03-01,21.6,4.35
Services,1957-04-01,21.6,3.85
Services,1957-05-01,21.7,4.33
Services,1957-06-01,21.8,4.31
Services,1957-07-01,21.8,4.31
Services,1957-08-01,21.9,4.29
Services,1957-09-01,22.0,4.27
Services,1957-10-01,22.1,4.74
Services,1957-11-01,22.2,4.72
Services,1957-12-01,22.2,4.23
Services,1958-01-01,22.3,4.21
Services,1958-02-01,22.4,4.67
Services,1958-03-01,22.4,3.7
Services,1958-04-01,22.5,4.17
Services,1958-05-01,22.6,4.15
Services,1958-06-01,22.6,3.67
Services,1958-07-01,22.7,4.13
Services,1958-08-01,22.7,3.65
Services,1958-09-01,22.8,3.64
Services,1958-10-01,22.8,3.17
Services,1958-11-01,22.8,2.7
Services,1958-12-01,22.8,2.7
Services,1959-01-01,22.9,2.69
Services,1959-02-01,23.0,2.68
Services,1959-03-01,23.0,2.68
Services,1959-04-01,23.1,2.67
Services,1959-05-01,23.2,2.65
Services,1959-06-01,23.2,2.65
Services,1959-07-01,23.3,2.64
Services,1959-08-01,23.4,3.08
Services,1959-09-01,23.5,3.07
Services,1959-10-01,23.6,3.51
Services,1959-11-01,23.6,3.51
Services,1959-12-01,23.7,3.95
Services,1960-01-01,23.7,3.49
Services,1960-02-01,23.8,3.48
Services,1960-03-01,23.9,3.91
Services,1960-04-01,23.9,3.46
Services,1960-05-01,24.0,3.45
Services,1960-06-01,24.0,3.45
Services,1960-07-01,24.1,3.43
Services,1960-08-01,24.1,2.99
Services,1960-09-01,24.2,2.98
Services,1960-10-01,24.2,2.54
Services,1960-11-01,24.3,2.97
Services,1960-12-01,24.3,2.53
Services,1961-01-01,24.4,2.95
Services,1961-02-01,24.4,2.52
Services,1961-03-01,24.4,2.09
Services,1961-04-01,24.5,2.51
Services,1961-05-01,24.5,2.08
Services,1961-06-01,24.5,2.08
Services,1961-07-01,24.5,1.66
Services,1961-08-01,24.6,2.07
Services,1961-09-01,24.6,1.65
Services,1961-10-01,24.7,2.07
Services,1961-11-01,24.7,1.65
Services,1961-12-01,24.8,2.06
Services,1962-01-01,24.8,1.64
Services,1962-02-01,24.8,1.64
Services,1962-03-01,24.9,2.05
Services,1962-04-01,24.9,1.63
Services,1962-05-01,25.0,2.04
Services,1962-06-01,25.0,2.04
Services,1962-07-01,25.1,2.45
Services,1962-08-01,25.1,2.03
Services,1962-09-01,25.1,2.03
Services,1962-10-01,25.1,1.62
Services,1962-11-01,25.2,2.02
Services,1962-12-01,25.2,1.61
Services,1963-01-01,25.3,2.02
Services,1963-02-01,25.3,2.02
Services,1963-03-01,25.3,1.61
Services,1963-04-01,25.4,2.01
Services,1963-05-01,25.4,1.6
Services,1963-06-01,25.5,2.0
Services,1963-07-01,25.5,1.59
Services,1963-08-01,25.6,1.99
Services,1963-09-01,25.6,1.99
Services,1963-10-01,25.6,1.99
Services,1963-11-01,25.7,1.98
Services,1963-12-01,25.8,2.38
Services,1964-01-01,25.8,1.98
Services,1964-02-01,25.8,1.98
Services,1964-03-01,25.8,1.98
Services,1964-04-01,25.9,1.97
Services,1964-05-01,25.9,1.97
Services,1964-06-01,26.0,1.96
Services,1964-07-01,26.0,1.96
Services,1964-08-01,26.0,1.56
Services,1964-09-01,26.0,1.56
Services,1964-10-01,26.1,1.95
Services,1964-11-01,26.2,1.95
Services,1964-12-01,26.2,1.55
Services,1965-01-01,26.3,1.94
Services,1965-02-01,26.4,2.33
Services,1965-03-01,26.4,2.33
Services,1965-04-01,26.5,2.32
Services,1965-05-01,26.5,2.32
Services,1965-06-01,26.5,1.92
Services,1965-07-01,26.6,2.31
Services,1965-08-01,26.6,2.31
Services,1965-09-01,26.7,2.69
Services,1965-10-01,26.8,2.68
Services,1965-11-01,26.9,2.67
Services,1965-12-01,26.9,2.67
Services,1966-01-01,27.0,2.66
Services,1966-02-01,27.0,2.27
Services,1966-03-01,27.1,2.65
Services,1966-04-01,27.3,3.02
Services,1966-05-01,27.4,3.4
Services,1966-06-01,27.5,3.77
Services,1966-07-01,27.7,4.14
Services,1966-08-01,27.7,4.14
Services,1966-09-01,27.9,4.49
Services,1966-10-01,28.0,4.48
Services,1966-11-01,28.2,4.83
Services,1966-12-01,28.2,4.83
Services,1967-01-01,28.3,4.81
Services,1967-02-01,28.4,5.19
Services,1967-03-01,28.5,5.17
Services,1967-04-01,28.6,4.76
Services,1967-05-01,28.6,4.38
Services,1967-06-01,28.8,4.73
Services,1967-07-01,28.8,3.97
Services,1967-08-01,28.9,4.33
Services,1967-09-01,29.0,3.94
Services,1967-10-01,29.2,4.29
Services,1967-11-01,29.2,3.55
Services,1967-12-01,29.4,4.26
Services,1968-01-01,29.5,4.24
Services,1968-02-01,29.6,4.23
Services,1968-03-01,29.8,4.56
Services,1968-04-01,29.9,4.55
Services,1968-05-01,30.0,4.9
Services,1968-06-01,30.2,4.86
Services,1968-07-01,30.4,5.56
Services,1968-08-01,30.6,5.88
Services,1968-09-01,30.7,5.86
Services,1968-10-01,30.9,5.82
Services,1968-11-01,31.0,6.16
Services,1968-12-01,31.2,6.12
Services,1969-01-01,31.4,6.44
Services,1969-02-01,31.5,6.42
Services,1969-03-01,31.8,6.71
Services,1969-04-01,32.0,7.02
Services,1969-05-01,32.2,7.33
Services,1969-06-01,32.3,6.95
Services,1969-07-01,32.5,6.91
Services,1969-08-01,32.7,6.86
Services,1969-09-01,33.0,7.49
Services,1969-10-01,33.1,7.12
Services,1969-11-01,33.3,7.42
Services,1969-12-01,33.5,7.37
Services,1970-01-01,33.8,7.64
Services,1970-02-01,34.0,7.94
Services,1970-03-01,34.4,8.18
Services,1970-04-01,34.6,8.13
Services,1970-05-01,34.8,8.07
Services,1970-06-01,35.0,8.36
Services,1970-07-01,35.2,8.31
Services,1970-08-01,35.4,8.26
Services,1970-09-01,35.6,7.88
Services,1970-10-01,35.8,8.16
Services,1970-11-01,36.0,8.11
Services,1970-12-01,36.2,8.06
Services,1971-01-01,36.4,7.69
Services,1971-02-01,36.5,7.35
Services,1971-03-01,36.5,6.1
Services,1971-04-01,36.6,5.78
Services,1971-05-01,36.7,5.46
Services,1971-06-01,37.0,5.71
Services,1971-07-01,37.1,5.4
Services,1971-08-01,37.3,5.37
Services,1971-09-01,37.4,5.06
Services,1971-10-01,37.5,4.75
Services,1971-11-01,37.6,4.44
Services,1971-12-01,37.7,4.14
Services,1972-01-01,37.9,4.12
Services,1972-02-01,38.0,4.11
Services,1972-03-01,38.1,4.38
Services,1972-04-01,38.2,4.37
Services,1972-05-01,38.3,4.36
Services,1972-06-01,38.4,3.78
Services,1972-07-01,38.5,3.77
Services,1972-08-01,38.6,3.49
Services,1972-09-01,38.7,3.48
Services,1972-10-01,38.8,3.47
Services,1972-11-01,38.9,3.46
Services,1972-12-01,39.0,3.45
Services,1973-01-01,39.1,3.17
Services,1973-02-01,39.2,3.16
Services,1973-03-01,39.4,3.41
Services,1973-04-01,39.5,3.4
Services,1973-05-01,39.6,3.39
Services,1973-06-01,39.8,3.65
Services,1973-07-01,39.9,3.64
Services,1973-08-01,40.2,4.15
Services,1973-09-01,40.5,4.65
Services,1973-10-01,41.0,5.67
Services,1973-11-01,41.3,6.17
Services,1973-12-01,41.5,6.41
Services,1974-01-01,41.8,6.91
Services,1974-02-01,42.0,7.14
Services,1974-03-01,42.4,7.61
Services,1974-04-01,42.6,7.85
Services,1974-05-01,43.1,8.84
Services,1974-06-01,43.5,9.3
Services,1974-07-01,44.0,10.28
Services,1974-08-01,44.5,10.7
Services,1974-09-01,45.0,11.11
Services,1974-10-01,45.4,10.73
Services,1974-11-01,45.8,10.9
Services,1974-12-01,46.2,11.33
Services,1975-01-01,46.5,11.24
Services,1975-02-01,46.9,11.67
Services,1975-03-01,47.0,10.85
Services,1975-04-01,47.3,11.03
Services,1975-05-01,47.5,10.21
Services,1975-06-01,47.8,9.89
Services,1975-07-01,48.0,9.09
Services,1975-08-01,48.3,8.54
Services,1975-09-01,48.7,8.22
Services,1975-10-01,49.0,7.93
Services,1975-11-01,49.6,8.3
Services,1975-12-01,49.9,8.01
Services,1976-01-01,50.5,8.6
Services,1976-02-01,50.8,8.32
Services,1976-03-01,51.1,8.72
Services,1976-04-01,51.3,8.46
Services,1976-05-01,51.4,8.21
Services,1976-06-01,51.7,8.16
Services,1976-07-01,52.1,8.54
Services,1976-08-01,52.4,8.49
Services,1976-09-01,52.8,8.42
Services,1976-10-01,53.1,8.37
Services,1976-11-01,53.4,7.66
Services,1976-12-01,53.7,7.62
Services,1977-01-01,54.1,7.13
Services,1977-02-01,54.4,7.09
Services,1977-03-01,54.8,7.24
Services,1977-04-01,55.2,7.6
Services,1977-05-01,55.4,7.78
Services,1977-06-01,55.8,7.93
Services,1977-07-01,56.3,8.06
Services,1977-08-01,56.6,8.02
Services,1977-09-01,56.9,7.77
Services,1977-10-01,57.2,7.72
Services,1977-11-01,57.6,7.87
Services,1977-12-01,57.9,7.82
Services,1978-01-01,58.3,7.76
Services,1978-02-01,58.7,7.9
Services,1978-03-01,59.1,7.85
Services,1978-04-01,59.6,7.97
Services,1978-05-01,60.0,8.3
Services,1978-06-01,60.5,8.42
Services,1978-07-01,61.0,8.35
Services,1978-08-01,61.5,8.66
Services,1978-09-01,62.1,9.14
Services,1978-10-01,62.6,9.44
Services,1978-11-01,63.1,9.55
Services,1978-12-01,63.3,9.33
Services,1979-01-01,63.8,9.43
Services,1979-02-01,64.4,9.71
Services,1979-03-01,64.9,9.81
Services,1979-04-01,65.5,9.9
Services,1979-05-01,66.2,10.33
Services,1979-06-01,66.8,10.41
Services,1979-07-01,67.6,10.82
Services,1979-08-01,68.5,11.38
Services,1979-09-01,69.2,11.43
Services,1979-10-01,70.1,11.98
Services,1979-11-01,71.1,12.68
Services,1979-12-01,72.0,13.74
Services,1980-01-01,73.1,14.58
Services,1980-02-01,74.1,15.06
Services,1980-03-01,75.4,16.18
Services,1980-04-01,76.6,16.95
Services,1980-05-01,77.6,17.22
Services,1980-06-01,79.0,18.26
Services,1980-07-01,78.5,16.12
Services,1980-08-01,78.5,14.6
Services,1980-09-01,79.0,14.16
Services,1980-10-01,80.0,14.12
Services,1980-11-01,81.1,14.06
Services,1980-12-01,82.2,14.17
Services,1981-01-01,83.0,13.54
Services,1981-02-01,83.7,12.96
Services,1981-03-01,84.4,11.94
Services,1981-04-01,85.3,11.36
Services,1981-05-01,86.4,11.34
Services,1981-06-01,87.5,10.76
Services,1981-07-01,88.9,13.25
Services,1981-08-01,89.9,14.52
Services,1981-09-01,91.2,15.44
Services,1981-10-01,91.7,14.62
Services,1981-11-01,92.5,14.06
Services,1981-12-01,93.0,13.14
Services,1982-01-01,93.5,12.65
Services,1982-02-01,93.9,12.19
Services,1982-03-01,94.0,11.37
Services,1982-04-01,94.9,11.25
Services,1982-05-01,95.7,10.76
Services,1982-06-01,96.5,10.29
Services,1982-07-01,97.0,9.11
Services,1982-08-01,97.6,8.57
Services,1982-09-01,97.6,7.02
Services,1982-10-01,97.9,6.76
Services,1982-11-01,97.7,5.62
Services,1982-12-01,96.9,4.19
Services,1983-01-01,97.5,4.28
Services,1983-02-01,97.9,4.26
Services,1983-03-01,98.1,4.36
Services,1983-04-01,98.7,4.0
Services,1983-05-01,98.9,3.34
Services,1983-06-01,99.2,2.8
Services,1983-07-01,99.6,2.68
Services,1983-08-01,99.8,2.25
Services,1983-09-01,100.2,2.66
Services,1983-10-01,100.7,2.86
Services,1983-11-01,101.3,3.68
Services,1983-12-01,101.6,4.85
Services,1984-01-01,102.1,4.72
Services,1984-02-01,102.6,4.8
Services,1984-03-01,103.0,4.99
Services,1984-04-01,103.5,4.86
Services,1984-05-01,103.9,5.06
Services,1984-06-01,104.2,5.04
Services,1984-07-01,104.9,5.32
Services,1984-08-01,105.4,5.61
Services,1984-09-01,105.9,5.69
Services,1984-10-01,106.3,5.56
Services,1984-11-01,106.7,5.33
Services,1984-12-01,107.1,5.41
Services,1985-01-01,107.4,5.19
Services,1985-02-01,107.9,5.17
Services,1985-03-01,108.4,5.24
Services,1985-04-01,108.7,5.02
Services,1985-05-01,109.4,5.29
Services,1985-06-01,109.8,5.37
Services,1985-07-01,110.3,5.15
Services,1985-08-01,110.7,5.03
Services,1985-09-01,111.0,4.82
Services,1985-10-01,111.5,4.89
Services,1985-11-01,112.1,5.06
Services,1985-12-01,112.5,5.04
Services,1986-01-01,113.1,5.31
Services,1986-02-01,113.5,5.19
Services,1986-03-01,114.1,5.26
Services,1986-04-01,114.6,5.43
Services,1986-05-01,114.8,4.94
Services,1986-06-01,115.5,5.19
Services,1986-07-01,115.7,4.9
Services,1986-08-01,116.1,4.88
Services,1986-09-01,116.5,4.95
Services,1986-10-01,116.9,4.84
Services,1986-11-01,117.2,4.55
Services,1986-12-01,117.5,4.44
Services,1987-01-01,117.9,4.24
Services,1987-02-01,118.3,4.23
Services,1987-03-01,118.6,3.94
Services,1987-04-01,119.2,4.01
Services,1987-05-01,119.6,4.18
Services,1987-06-01,120.0,3.9
Services,1987-07-01,120.3,3.98
Services,1987-08-01,120.9,4.13
Services,1987-09-01,121.4,4.21
Services,1987-10-01,121.8,4.19
Services,1987-11-01,122.2,4.27
Services,1987-12-01,122.6,4.34
Services,1988-01-01,123.0,4.33
Services,1988-02-01,123.5,4.4
Services,1988-03-01,123.9,4.47
Services,1988-04-01,124.4,4.36
Services,1988-05-01,124.8,4.35
Services,1988-06-01,125.4,4.5
Services,1988-07-01,125.8,4.57
Services,1988-08-01,126.4,4.55
Services,1988-09-01,126.9,4.53
Services,1988-10-01,127.5,4.68
Services,1988-11-01,127.9,4.66
Services,1988-12-01,128.4,4.73
Services,1989-01-01,128.9,4.8
Services,1989-02-01,129.4,4.78
Services,1989-03-01,130.0,4.92
Services,1989-04-01,130.5,4.9
Services,1989-05-01,131.1,5.05
Services,1989-06-01,131.6,4.94
Services,1989-07-01,132.3,5.17
Services,1989-08-01,132.8,5.06
Services,1989-09-01,133.1,4.89
Services,1989-10-01,133.7,4.86
Services,1989-11-01,134.3,5.0
Services,1989-12-01,134.9,5.06
Services,1990-01-01,135.4,5.04
Services,1990-02-01,136.0,5.1
Services,1990-03-01,136.8,5.23
Services,1990-04-01,137.4,5.29
Services,1990-05-01,137.9,5.19
Services,1990-06-01,138.8,5.47
Services,1990-07-01,139.6,5.52
Services,1990-08-01,140.6,5.87
Services,1990-09-01,141.1,6.01
Services,1990-10-01,141.6,5.91
Services,1990-11-01,142.2,5.88
Services,1990-12-01,142.7,5.78
Services,1991-01-01,143.7,6.13
Services,1991-02-01,144.4,6.18
Services,1991-03-01,144.7,5.77
Services,1991-04-01,144.9,5.46
Services,1991-05-01,145.4,5.44
Services,1991-06-01,145.9,5.12
Services,1991-07-01,146.5,4.94
Services,1991-08-01,146.9,4.48
Services,1991-09-01,147.6,4.61
Services,1991-10-01,148.0,4.52
Services,1991-11-01,148.5,4.43
Services,1991-12-01,149.2,4.56
Services,1992-01-01,149.6,4.11
Services,1992-02-01,149.9,3.81
Services,1992-03-01,150.4,3.94
Services,1992-04-01,150.9,4.14
Services,1992-05-01,151.3,4.06
Services,1992-06-01,151.7,3.98
Services,1992-07-01,152.2,3.89
Services,1992-08-01,152.6,3.88
Services,1992-09-01,152.9,3.59
Services,1992-10-01,153.7,3.85
Services,1992-11-01,154.3,3.91
Services,1992-12-01,154.7,3.69
Services,1993-01-01,155.3,3.81
Services,1993-02-01,155.6,3.8
Services,1993-03-01,156.0,3.72
Services,1993-04-01,156.7,3.84
Services,1993-05-01,157.3,3.97
Services,1993-06-01,157.8,4.02
Services,1993-07-01,158.1,3.88
Services,1993-08-01,158.6,3.93
Services,1993-09-01,159.0,3.99
Services,1993-10-01,159.4,3.71
Services,1993-11-01,159.9,3.63
Services,1993-12-01,160.5,3.75
Services,1994-01-01,160.8,3.54
Services,1994-02-01,161.4,3.73
Services,1994-03-01,162.0,3.85
Services,1994-04-01,162.2,3.51
Services,1994-05-01,162.4,3.24
Services,1994-06-01,162.8,3.17
Services,1994-07-01,163.1,3.16
Services,1994-08-01,163.8,3.28
Services,1994-09-01,164.1,3.21
Services,1994-10-01,164.5,3.2
Services,1994-11-01,165.0,3.19
Services,1994-12-01,165.2,2.93
Services,1995-01-01,166.0,3.23
Services,1995-02-01,166.5,3.16
Services,1995-03-01,167.1,3.15
Services,1995-04-01,167.7,3.39
Services,1995-05-01,168.1,3.51
Services,1995-06-01,168.5,3.5
Services,1995-07-01,168.9,3.56
Services,1995-08-01,169.3,3.36
Services,1995-09-01,169.7,3.41
Services,1995-10-01,170.3,3.53
Services,1995-11-01,170.7,3.45
Services,1995-12-01,170.9,3.45
Services,1996-01-01,171.5,3.31
Services,1996-02-01,172.0,3.3
Services,1996-03-01,172.4,3.17
Services,1996-04-01,172.8,3.04
Services,1996-05-01,173.4,3.15
Services,1996-06-01,173.8,3.15
Services,1996-07-01,174.4,3.26
Services,1996-08-01,174.9,3.31
Services,1996-09-01,175.4,3.36
Services,1996-10-01,175.8,3.23
Services,1996-11-01,176.3,3.28
Services,1996-12-01,176.7,3.39
Services,1997-01-01,177.3,3.38
Services,1997-02-01,177.6,3.26
Services,1997-03-01,178.0,3.25
Services,1997-04-01,178.4,3.24
Services,1997-05-01,178.7,3.06
Services,1997-06-01,179.2,3.11
Services,1997-07-01,179.7,3.04
Services,1997-08-01,179.9,2.86
Services,1997-09-01,180.4,2.85
Services,1997-10-01,180.9,2.9
Services,1997-11-01,181.4,2.89
Services,1997-12-01,181.7,2.83
Services,1998-01-01,182.1,2.71
Services,1998-02-01,182.3,2.65
Services,1998-03-01,182.8,2.7
Services,1998-04-01,183.3,2.75
Services,1998-05-01,183.7,2.8
Services,1998-06-01,184.0,2.68
Services,1998-07-01,184.3,2.56
Services,1998-08-01,184.7,2.67
Services,1998-09-01,185.1,2.61
Services,1998-10-01,185.5,2.54
Services,1998-11-01,186.0,2.54
Services,1998-12-01,186.4,2.59
Services,1999-01-01,186.6,2.47
Services,1999-02-01,186.9,2.52
Services,1999-03-01,187.4,2.52
Services,1999-04-01,187.9,2.51
Services,1999-05-01,188.1,2.4
Services,1999-06-01,188.3,2.34
Services,1999-07-01,188.9,2.5
Services,1999-08-01,189.3,2.49
Services,1999-09-01,189.8,2.54
Services,1999-10-01,190.2,2.53
Services,1999-11-01,190.9,2.63
Services,1999-12-01,191.2,2.58
Services,2000-01-01,192.0,2.89
Services,2000-02-01,192.5,3.0
Services,2000-03-01,193.1,3.04
Services,2000-04-01,193.5,2.98
Services,2000-05-01,194.0,3.14
Services,2000-06-01,194.9,3.51
Services,2000-07-01,195.7,3.6
Services,2000-08-01,196.3,3.7
Services,2000-09-01,196.9,3.74
Services,2000-10-01,197.7,3.94
Services,2000-11-01,198.1,3.77
Services,2000-12-01,198.8,3.97
Services,2001-01-01,200.6,4.48
Services,2001-02-01,201.2,4.52
Services,2001-03-01,201.6,4.4
Services,2001-04-01,202.0,4.39
Services,2001-05-01,202.7,4.48
Services,2001-06-01,203.5,4.41
Services,2001-07-01,203.8,4.14
Services,2001-08-01,204.4,4.13
Services,2001-09-01,204.5,3.86
Services,2001-10-01,204.8,3.59
Services,2001-11-01,205.6,3.79
Services,2001-12-01,206.1,3.67
Services,2002-01-01,206.8,3.09
Services,2002-02-01,207.5,3.13
Services,2002-03-01,207.9,3.12
Services,2002-04-01,208.5,3.22
Services,2002-05-01,209.0,3.11
Services,2002-06-01,209.3,2.85
Services,2002-07-01,209.9,2.99
Services,2002-08-01,210.6,3.03
Services,2002-09-01,211.1,3.23
Services,2002-10-01,211.7,3.37
Services,2002-11-01,212.4,3.31
Services,2002-12-01,213.0,3.35
Services,2003-01-01,213.7,3.34
Services,2003-02-01,214.2,3.23
Services,2003-03-01,215.0,3.42
Services,2003-04-01,215.1,3.17
Services,2003-05-01,216.0,3.35
Services,2003-06-01,216.2,3.3
Services,2003-07-01,216.8,3.29
Services,2003-08-01,217.2,3.13
Services,2003-09-01,217.8,3.17
Services,2003-10-01,218.4,3.16
Services,2003-11-01,218.6,2.92
Services,2003-12-01,219.0,2.82
Services,2004-01-01,219.7,2.81
Services,2004-02-01,220.1,2.75
Services,2004-03-01,220.8,2.7
Services,2004-04-01,221.4,2.93
Services,2004-05-01,221.9,2.73
Services,2004-06-01,222.7,3.01
Services,2004-07-01,223.2,2.95
Services,2004-08-01,223.7,2.99
Services,2004-09-01,224.2,2.94
Services,2004-10-01,224.6,2.84
Services,2004-11-01,225.4,3.11
Services,2004-12-01,225.8,3.11
Services,2005-01-01,226.2,2.96
Services,2005-02-01,226.9,3.09
Services,2005-03-01,228.0,3.26
Services,2005-04-01,228.5,3.21
Services,2005-05-01,228.9,3.15
Services,2005-06-01,229.1,2.87
Services,2005-07-01,229.9,3.0
Services,2005-08-01,230.4,3.0
Services,2005-09-01,231.4,3.21
Services,2005-10-01,233.1,3.78
Services,2005-11-01,234.2,3.9
Services,2005-12-01,234.4,3.81
Services,2006-01-01,235.5,4.11
Services,2006-02-01,235.9,3.97
Services,2006-03-01,236.5,3.73
Services,2006-04-01,237.1,3.76
Services,2006-05-01,237.8,3.89
Services,2006-06-01,238.5,4.1
Services,2006-07-01,239.2,4.05
Services,2006-08-01,239.9,4.12
Services,2006-09-01,240.7,4.02
Services,2006-10-01,241.0,3.39
Services,2006-11-01,241.7,3.2
Services,2006-12-01,242.4,3.41
Services,2007-01-01,243.214,3.28
Services,2007-02-01,244.091,3.47
Services,2007-03-01,244.743,3.49
Services,2007-04-01,245.315,3.46
Services,2007-05-01,245.896,3.4
Services,2007-06-01,246.645,3.42
Services,2007-07-01,247.065,3.29
Services,2007-08-01,247.505,3.17
Services,2007-09-01,248.248,3.14
Services,2007-10-01,249.054,3.34
Services,2007-11-01,249.818,3.36
Services,2007-12-01,250.546,3.36
Services,2008-01-01,251.254,3.31
Services,2008-02-01,251.827,3.17
Services,2008-03-01,252.919,3.34
Services,2008-04-01,253.59,3.37
Services,2008-05-01,254.677,3.57
Services,2008-06-01,255.839,3.73
Services,2008-07-01,257.074,4.05
Services,2008-08-01,257.56,4.06
Services,2008-09-01,257.582,3.76
Services,2008-10-01,257.712,3.48
Services,2008-11-01,257.821,3.2
Services,2008-12-01,257.988,2.97
Services,2009-01-01,258.453,2.87
Services,2009-02-01,258.656,2.71
Services,2009-03-01,258.744,2.3
Services,2009-04-01,258.698,2.01
Services,2009-05-01,258.584,1.53
Services,2009-06-01,258.686,1.11
Services,2009-07-01,258.747,0.65
Services,2009-08-01,259.285,0.67
Services,2009-09-01,259.523,0.75
Services,2009-10-01,260.011,0.89
Services,2009-11-01,260.213,0.93
Services,2009-12-01,260.285,0.89
Services,2010-01-01,259.833,0.53
Services,2010-02-01,259.97,0.51
Services,2010-03-01,260.342,0.62
Services,2010-04-01,260.672,0.76
Services,2010-05-01,260.932,0.91
Services,2010-06-01,261.188,0.97
Services,2010-07-01,261.525,1.07
Services,2010-08-01,261.722,0.94
Services,2010-09-01,261.884,0.91
Services,2010-10-01,262.075,0.79
Services,2010-11-01,262.41,0.84
Services,2010-12-01,262.733,0.94
Services,2011-01-01,263.159,1.28
Services,2011-02-01,263.701,1.44
Services,2011-03-01,264.114,1.45
Services,2011-04-01,264.465,1.46
Services,2011-05-01,264.86,1.51
Services,2011-06-01,265.284,1.57
Services,2011-07-01,265.962,1.7
Services,2011-08-01,266.69,1.9
Services,2011-09-01,267.123,2.0
Services,2011-10-01,267.52,2.08
Services,2011-11-01,267.829,2.07
Services,2011-12-01,268.463,2.18
Services,2012-01-01,268.94,2.2
Services,2012-02-01,269.034,2.02
Services,2012-03-01,269.562,2.06
Services,2012-04-01,270.105,2.13
Services,2012-05-01,270.363,2.08
Services,2012-06-01,270.956,2.14
Services,2012-07-01,271.392,2.04
Services,2012-08-01,272.071,2.02
Services,2012-09-01,272.691,2.08
Services,2012-10-01,273.242,2.14
Services,2012-11-01,273.783,2.22
Services,2012-12-01,274.437,2.23
Services,2013-01-01,275.121,2.3
Services,2013-02-01,275.756,2.5
Services,2013-03-01,276.207,2.47
Services,2013-04-01,276.473,2.36
Services,2013-05-01,276.955,2.44
Services,2013-06-01,277.441,2.39
Services,2013-07-01,278.142,2.49
Services,2013-08-01,278.743,2.45
Services,2013-09-01,279.396,2.46
Services,2013-10-01,279.756,2.38
Services,2013-11-01,280.332,2.39
Services,2013-12-01,280.891,2.35
Services,2014-01-01,281.729,2.4
Services,2014-02-01,282.328,2.38
Services,2014-03-01,283.543,2.66
Services,2014-04-01,283.778,2.64
Services,2014-05-01,284.678,2.79
Services,2014-06-01,285.109,2.76
Services,2014-07-01,285.733,2.73
Services,2014-08-01,285.984,2.6
Services,2014-09-01,286.388,2.5
Services,2014-10-01,286.893,2.55
Services,2014-11-01,287.404,2.52
Services,2014-12-01,287.958,2.52
Services,2015-01-01,288.584,2.43
Services,2015-02-01,288.949,2.35
Services,2015-03-01,289.47,2.09
Services,2015-04-01,290.183,2.26
Services,2015-05-01,290.543,2.06
Services,2015-06-01,291.315,2.18
Services,2015-07-01,292.022,2.2
Services,2015-08-01,292.472,2.27
Services,2015-09-01,293.125,2.35
Services,2015-10-01,293.897,2.44
Services,2015-11-01,294.62,2.51
Services,2015-12-01,295.032,2.46
Services,2016-01-01,295.76,2.49
Services,2016-02-01,296.387,2.57
Services,2016-03-01,297.073,2.63
Services,2016-04-01,297.918,2.67
Services,2016-05-01,298.863,2.86
Services,2016-06-01,299.729,2.89
Services,2016-07-01,300.499,2.9
Services,2016-08-01,301.354,3.04
Services,2016-09-01,301.954,3.01
Services,2016-10-01,302.528,2.94
Services,2016-11-01,303.279,2.94
Services,2016-12-01,304.027,3.05
Services,2017-01-01,304.871,3.08
Services,2017-02-01,305.741,3.16
Services,2017-03-01,305.619,2.88
Services,2017-04-01,306.26,2.8
Services,2017-05-01,306.909,2.69
Services,2017-06-01,307.581,2.62
Services,2017-07-01,308.083,2.52
Services,2017-08-01,308.982,2.53
Services,2017-09-01,309.625,2.54
Services,2017-10-01,310.468,2.62
Services,2017-11-01,310.99,2.54
Services,2017-12-01,311.887,2.59
Services,2018-01-01,312.764,2.59
Services,2018-02-01,313.684,2.6
Services,2018-03-01,314.414,2.88
Services,2018-04-01,314.9,2.82
Services,2018-05-01,315.763,2.88
Services,2018-06-01,316.311,2.84
Services,2018-07-01,316.923,2.87
Services,2018-08-01,317.557,2.78
Services,2018-09-01,318.067,2.73
Services,2018-10-01,318.794,2.68
Services,2018-11-01,319.438,2.72
Services,2018-12-01,320.612,2.8
Services,2019-01-01,321.127,2.67
Services,2019-02-01,321.747,2.57
Services,2019-03-01,322.447,2.55
Services,2019-04-01,323.282,2.66
Services,2019-05-01,323.706,2.52
Services,2019-06-01,324.511,2.59
Services,2019-07-01,325.341,2.66
Services,2019-08-01,326.159,2.71
Services,2019-09-01,326.981,2.8
Services,2019-10-01,327.904,2.86
Services,2019-11-01,328.698,2.9
Services,2019-12-01,329.354,2.73
Services,2020-01-01,330.515,2.92
Services,2020-02-01,331.304,2.97
Services,2020-03-01,330.98,2.65
Services,2020-04-01,329.861,2.04
Services,2020-05-01,329.655,1.84
Services,2020-06-01,330.522,1.85
Services,2020-07-01,332.357,2.16
Services,2020-08-01,332.902,2.07
Services,2020-09-01,333.197,1.9
Services,2020-10-01,333.517,1.71
Services,2020-11-01,334.416,1.74
Services,2020-12-01,334.774,1.65
Services,2021-01-01,334.805,1.3
Services,2021-02-01,335.744,1.34
Services,2021-03-01,336.699,1.73
Services,2021-04-01,338.503,2.62
Services,2021-05-01,339.674,3.04
Services,2021-06-01,341.153,3.22
Services,2021-07-01,342.553,3.07
Services,2021-08-01,342.988,3.03
Services,2021-09-01,343.838,3.19
Services,2021-10-01,345.776,3.68
Services,2021-11-01,347.128,3.8
Services,2021-12-01,348.275,4.03
Services,2022-01-01,350.028,4.55
Services,2022-02-01,351.781,4.78
Services,2022-03-01,353.879,5.1
Services,2022-04-01,356.712,5.38
Services,2022-05-01,359.216,5.75
Services,2022-06-01,362.441,6.24
Services,2022-07-01,364.076,6.28
Services,2022-08-01,366.377,6.82
Services,2022-09-01,369.169,7.37
Services,2022-10-01,370.802,7.24
Services,2022-11-01,372.204,7.22
Services,2022-12-01,374.372,7.49
Services,2023-01-01,376.708,7.62
Services,2023-02-01,378.515,7.6
Services,2023-03-01,379.492,7.24
Services,2023-04-01,380.928,6.79
Services,2023-05-01,381.845,6.3
Services,2023-06-01,383.244,5.74
Services,2023-07-01,384.808,5.69
Services,2023-08-01,386.133,5.39
Services,2023-09-01,388.185,5.15
Services,2023-10-01,389.593,5.07
Services,2023-11-01,391.551,5.2
Services,2023-12-01,392.964,4.97
Services,2024-01-01,395.443,4.97
Services,2024-02-01,397.319,4.97
Services,2024-03-01,399.454,5.26
Services,2024-04-01,400.83,5.22
Services,2024-05-01,401.616,5.18
Services,2024-06-01,402.37,4.99
Services,2024-07-01,403.57,4.88
Services,2024-08-01,404.827,4.84
Services,2024-09-01,406.379,4.69
Services,2024-10-01,408.066,4.74
Services,2024-11-01,409.184,4.5
Services,2024-12-01,410.215,4.39
Services,2025-01-01,412.139,4.22
Services,2025-02-01,413.473,4.07
Services,2025-03-01,414.244,3.7
Services,2025-04-01,415.69,3.71
Services,2025-05-01,416.451,3.69
Services,2025-06-01,417.689,3.81
Services,2025-07-01,419.046,3.83
Services,2025-08-01,420.27,3.81
Services,2025-09-01,421.107,3.62
Services,2025-11-01,422.256,3.48
Services,2025-12-01,423.56,3.51
Services,2026-01-01,425.16,3.64
Services,2026-02-01,426.277,3.43
Services,2026-03-01,427.279,3.34
Services,2026-04-01,429.659,3.72
Services,2026-05-01,430.939,3.67
Transportation,1947-01-01,17.9,
Transportation,1947-02-01,17.9,
Transportation,1947-03-01,18.1,
Transportation,1947-04-01,18.3,
Transportation,1947-05-01,18.3,
Transportation,1947-06-01,18.4,
Transportation,1947-07-01,18.5,
Transportation,1947-08-01,18.5,
Transportation,1947-09-01,18.7,
Transportation,1947-10-01,18.8,
Transportation,1947-11-01,19.0,
Transportation,1947-12-01,19.1,
Transportation,1948-01-01,19.6,9.5
Transportation,1948-02-01,19.5,8.94
Transportation,1948-03-01,19.6,8.29
Transportation,1948-04-01,19.9,8.74
Transportation,1948-05-01,19.9,8.74
Transportation,1948-06-01,20.0,8.7
Transportation,1948-07-01,21.0,13.51
Transportation,1948-08-01,21.3,15.14
Transportation,1948-09-01,21.4,14.44
Transportation,1948-10-01,21.5,14.36
Transportation,1948-11-01,21.6,13.68
Transportation,1948-12-01,21.6,13.09
Transportation,1949-01-01,21.6,10.2
Transportation,1949-02-01,21.8,11.79
Transportation,1949-03-01,21.9,11.73
Transportation,1949-04-01,22.0,10.55
Transportation,1949-05-01,22.2,11.56
Transportation,1949-06-01,22.1,10.5
Transportation,1949-07-01,22.2,5.71
Transportation,1949-08-01,22.3,4.69
Transportation,1949-09-01,22.2,3.74
Transportation,1949-10-01,22.3,3.72
Transportation,1949-11-01,22.3,3.24
Transportation,1949-12-01,22.5,4.17
Transportation,1950-01-01,22.4,3.7
Transportation,1950-02-01,22.4,2.75
Transportation,1950-03-01,22.4,2.28
Transportation,1950-04-01,22.4,1.82
Transportation,1950-05-01,22.5,1.35
Transportation,1950-06-01,22.5,1.81
Transportation,1950-07-01,22.7,2.25
Transportation,1950-08-01,22.9,2.69
Transportation,1950-09-01,22.9,3.15
Transportation,1950-10-01,22.9,2.69
Transportation,1950-11-01,23.0,3.14
Transportation,1950-12-01,23.2,3.11
Transportation,1951-01-01,23.3,4.02
Transportation,1951-02-01,23.6,5.36
Transportation,1951-03-01,23.8,6.25
Transportation,1951-04-01,23.9,6.7
Transportation,1951-05-01,24.0,6.67
Transportation,1951-06-01,24.1,7.11
Transportation,1951-07-01,24.1,6.17
Transportation,1951-08-01,24.2,5.68
Transportation,1951-09-01,24.4,6.55
Transportation,1951-10-01,24.5,6.99
Transportation,1951-11-01,24.8,7.83
Transportation,1951-12-01,24.9,7.33
Transportation,1952-01-01,25.0,7.3
Transportation,1952-02-01,25.2,6.78
Transportation,1952-03-01,25.3,6.3
Transportation,1952-04-01,25.5,6.69
Transportation,1952-05-01,25.6,6.67
Transportation,1952-06-01,25.8,7.05
Transportation,1952-07-01,26.0,7.88
Transportation,1952-08-01,25.9,7.02
Transportation,1952-09-01,26.0,6.56
Transportation,1952-10-01,26.1,6.53
Transportation,1952-11-01,26.2,5.65
Transportation,1952-12-01,26.2,5.22
Transportation,1953-01-01,26.3,5.2
Transportation,1953-02-01,26.2,3.97
Transportation,1953-03-01,26.3,3.95
Transportation,1953-04-01,26.4,3.53
Transportation,1953-05-01,26.4,3.12
Transportation,1953-06-01,26.5,2.71
Transportation,1953-07-01,26.6,2.31
Transportation,1953-08-01,26.7,3.09
Transportation,1953-09-01,26.7,2.69
Transportation,1953-10-01,26.6,1.92
Transportation,1953-11-01,26.3,0.38
Transportation,1953-12-01,26.2,0.0
Transportation,1954-01-01,26.5,0.76
Transportation,1954-02-01,26.3,0.38
Transportation,1954-03-01,26.3,0.0
Transportation,1954-04-01,26.4,0.0
Transportation,1954-05-01,26.4,0.0
Transportation,1954-06-01,26.4,-0.38
Transportation,1954-07-01,26.0,-2.26
Transportation,1954-08-01,25.9,-3.0
Transportation,1954-09-01,25.9,-3.0
Transportation,1954-10-01,25.4,-4.51
Transportation,1954-11-01,25.8,-1.9
Transportation,1954-12-01,25.8,-1.53
Transportation,1955-01-01,25.9,-2.26
Transportation,1955-02-01,25.9,-1.52
Transportation,1955-03-01,25.9,-1.52
Transportation,1955-04-01,25.6,-3.03
Transportation,1955-05-01,25.7,-2.65
Transportation,1955-06-01,25.8,-2.27
Transportation,1955-07-01,25.7,-1.15
Transportation,1955-08-01,25.6,-1.16
Transportation,1955-09-01,25.7,-0.77
Transportation,1955-10-01,25.8,1.57
Transportation,1955-11-01,26.0,0.78
Transportation,1955-12-01,25.8,0.0
Transportation,1956-01-01,25.8,-0.39
Transportation,1956-02-01,25.8,-0.39
Transportation,1956-03-01,25.8,-0.39
Transportation,1956-04-01,25.8,0.78
Transportation,1956-05-01,26.0,1.17
Transportation,1956-06-01,26.0,0.78
Transportation,1956-07-01,26.2,1.95
Transportation,1956-08-01,26.3,2.73
Transportation,1956-09-01,26.4,2.72
Transportation,1956-10-01,27.0,4.65
Transportation,1956-11-01,26.9,3.46
Transportation,1956-12-01,27.0,4.65
Transportation,1957-01-01,27.2,5.43
Transportation,1957-02-01,27.4,6.2
Transportation,1957-03-01,27.5,6.59
Transportation,1957-04-01,27.7,7.36
Transportation,1957-05-01,27.6,6.15
Transportation,1957-06-01,27.7,6.54
Transportation,1957-07-01,27.8,6.11
Transportation,1957-08-01,27.8,5.7
Transportation,1957-09-01,27.9,5.68
Transportation,1957-10-01,27.5,1.85
Transportation,1957-11-01,28.3,5.2
Transportation,1957-12-01,28.1,4.07
Transportation,1958-01-01,28.1,3.31
Transportation,1958-02-01,28.2,2.92
Transportation,1958-03-01,28.3,2.91
Transportation,1958-04-01,28.3,2.17
Transportation,1958-05-01,28.4,2.9
Transportation,1958-06-01,28.4,2.53
Transportation,1958-07-01,28.7,3.24
Transportation,1958-08-01,28.8,3.6
Transportation,1958-09-01,28.9,3.58
Transportation,1958-10-01,28.9,5.09
Transportation,1958-11-01,29.1,2.83
Transportation,1958-12-01,29.2,3.91
Transportation,1959-01-01,29.3,4.27
Transportation,1959-02-01,29.4,4.26
Transportation,1959-03-01,29.6,4.59
Transportation,1959-04-01,29.7,4.95
Transportation,1959-05-01,29.7,4.58
Transportation,1959-06-01,29.8,4.93
Transportation,1959-07-01,29.9,4.18
Transportation,1959-08-01,29.9,3.82
Transportation,1959-09-01,30.0,3.81
Transportation,1959-10-01,30.1,4.15
Transportation,1959-11-01,30.1,3.44
Transportation,1959-12-01,30.1,3.08
Transportation,1960-01-01,30.0,2.39
Transportation,1960-02-01,30.0,2.04
Transportation,1960-03-01,29.9,1.01
Transportation,1960-04-01,29.9,0.67
Transportation,1960-05-01,29.8,0.34
Transportation,1960-06-01,29.8,0.0
Transportation,1960-07-01,29.8,-0.33
Transportation,1960-08-01,29.8,-0.33
Transportation,1960-09-01,29.6,-1.33
Transportation,1960-10-01,29.6,-1.66
Transportation,1960-11-01,29.6,-1.66
Transportation,1960-12-01,29.7,-1.33
Transportation,1961-01-01,29.7,-1.0
Transportation,1961-02-01,29.8,-0.67
Transportation,1961-03-01,29.8,-0.33
Transportation,1961-04-01,29.8,-0.33
Transportation,1961-05-01,30.0,0.67
Transportation,1961-06-01,30.1,1.01
Transportation,1961-07-01,30.3,1.68
Transportation,1961-08-01,30.4,2.01
Transportation,1961-09-01,30.5,3.04
Transportation,1961-10-01,30.5,3.04
Transportation,1961-11-01,30.4,2.7
Transportation,1961-12-01,30.3,2.02
Transportation,1962-01-01,30.4,2.36
Transportation,1962-02-01,30.5,2.35
Transportation,1962-03-01,30.5,2.35
Transportation,1962-04-01,30.9,3.69
Transportation,1962-05-01,30.9,3.0
Transportation,1962-06-01,30.9,2.66
Transportation,1962-07-01,30.6,0.99
Transportation,1962-08-01,30.8,1.32
Transportation,1962-09-01,31.0,1.64
Transportation,1962-10-01,30.9,1.31
Transportation,1962-11-01,30.9,1.64
Transportation,1962-12-01,30.9,1.98
Transportation,1963-01-01,30.6,0.66
Transportation,1963-02-01,30.7,0.66
Transportation,1963-03-01,30.8,0.98
Transportation,1963-04-01,30.8,-0.32
Transportation,1963-05-01,30.9,0.0
Transportation,1963-06-01,30.9,0.0
Transportation,1963-07-01,30.9,0.98
Transportation,1963-08-01,31.0,0.65
Transportation,1963-09-01,31.0,0.0
Transportation,1963-10-01,31.2,0.97
Transportation,1963-11-01,31.1,0.65
Transportation,1963-12-01,31.2,0.97
Transportation,1964-01-01,31.4,2.61
Transportation,1964-02-01,31.3,1.95
Transportation,1964-03-01,31.4,1.95
Transportation,1964-04-01,31.3,1.62
Transportation,1964-05-01,31.3,1.29
Transportation,1964-06-01,31.4,1.62
Transportation,1964-07-01,31.3,1.29
Transportation,1964-08-01,31.4,1.29
Transportation,1964-09-01,31.3,0.97
Transportation,1964-10-01,31.3,0.32
Transportation,1964-11-01,31.4,0.96
Transportation,1964-12-01,31.7,1.6
Transportation,1965-01-01,31.9,1.59
Transportation,1965-02-01,31.8,1.6
Transportation,1965-03-01,31.8,1.27
Transportation,1965-04-01,31.9,1.92
Transportation,1965-05-01,32.0,2.24
Transportation,1965-06-01,31.9,1.59
Transportation,1965-07-01,31.9,1.92
Transportation,1965-08-01,31.9,1.59
Transportation,1965-09-01,31.9,1.92
Transportation,1965-10-01,31.8,1.6
Transportation,1965-11-01,31.9,1.59
Transportation,1965-12-01,32.0,0.95
Transportation,1966-01-01,31.9,0.0
Transportation,1966-02-01,32.0,0.63
Transportation,1966-03-01,32.1,0.94
Transportation,1966-04-01,32.2,0.94
Transportation,1966-05-01,32.1,0.31
Transportation,1966-06-01,32.2,0.94
Transportation,1966-07-01,32.5,1.88
Transportation,1966-08-01,32.6,2.19
Transportation,1966-09-01,32.6,2.19
Transportation,1966-10-01,32.7,2.83
Transportation,1966-11-01,32.8,2.82
Transportation,1966-12-01,32.6,1.88
Transportation,1967-01-01,32.6,2.19
Transportation,1967-02-01,32.8,2.5
Transportation,1967-03-01,32.8,2.18
Transportation,1967-04-01,33.0,2.48
Transportation,1967-05-01,33.1,3.12
Transportation,1967-06-01,33.1,2.8
Transportation,1967-07-01,33.3,2.46
Transportation,1967-08-01,33.4,2.45
Transportation,1967-09-01,33.7,3.37
Transportation,1967-10-01,33.6,2.75
Transportation,1967-11-01,33.9,3.35
Transportation,1967-12-01,33.9,3.99
Transportation,1968-01-01,34.1,4.6
Transportation,1968-02-01,34.2,4.27
Transportation,1968-03-01,34.2,4.27
Transportation,1968-04-01,34.1,3.33
Transportation,1968-05-01,34.1,3.02
Transportation,1968-06-01,34.3,3.63
Transportation,1968-07-01,34.3,3.0
Transportation,1968-08-01,34.4,2.99
Transportation,1968-09-01,34.4,2.08
Transportation,1968-10-01,34.5,2.68
Transportation,1968-11-01,34.7,2.36
Transportation,1968-12-01,34.5,1.77
Transportation,1969-01-01,34.7,1.76
Transportation,1969-02-01,35.2,2.92
Transportation,1969-03-01,35.8,4.68
Transportation,1969-04-01,35.8,4.99
Transportation,1969-05-01,35.5,4.11
Transportation,1969-06-01,35.6,3.79
Transportation,1969-07-01,35.6,3.79
Transportation,1969-08-01,35.7,3.78
Transportation,1969-09-01,35.6,3.49
Transportation,1969-10-01,35.9,4.06
Transportation,1969-11-01,36.0,3.75
Transportation,1969-12-01,36.2,4.93
Transportation,1970-01-01,36.6,5.48
Transportation,1970-02-01,36.7,4.26
Transportation,1970-03-01,36.6,2.23
Transportation,1970-04-01,37.1,3.63
Transportation,1970-05-01,37.2,4.79
Transportation,1970-06-01,37.4,5.06
Transportation,1970-07-01,37.6,5.62
Transportation,1970-08-01,37.5,5.04
Transportation,1970-09-01,37.7,5.9
Transportation,1970-10-01,38.1,6.13
Transportation,1970-11-01,38.5,6.94
Transportation,1970-12-01,38.9,7.46
Transportation,1971-01-01,39.2,7.1
Transportation,1971-02-01,39.4,7.36
Transportation,1971-03-01,39.4,7.65
Transportation,1971-04-01,39.4,6.2
Transportation,1971-05-01,39.4,5.91
Transportation,1971-06-01,39.6,5.88
Transportation,1971-07-01,39.6,5.32
Transportation,1971-08-01,39.7,5.87
Transportation,1971-09-01,39.5,4.77
Transportation,1971-10-01,39.5,3.67
Transportation,1971-11-01,39.4,2.34
Transportation,1971-12-01,39.4,1.29
Transportation,1972-01-01,39.7,1.28
Transportation,1972-02-01,39.6,0.51
Transportation,1972-03-01,39.6,0.51
Transportation,1972-04-01,39.6,0.51
Transportation,1972-05-01,39.7,0.76
Transportation,1972-06-01,39.7,0.25
Transportation,1972-07-01,39.8,0.51
Transportation,1972-08-01,40.0,0.76
Transportation,1972-09-01,40.2,1.77
Transportation,1972-10-01,40.1,1.52
Transportation,1972-11-01,40.3,2.28
Transportation,1972-12-01,40.4,2.54
Transportation,1973-01-01,40.4,1.76
Transportation,1973-02-01,40.6,2.53
Transportation,1973-03-01,40.7,2.78
Transportation,1973-04-01,41.0,3.54
Transportation,1973-05-01,41.0,3.27
Transportation,1973-06-01,41.2,3.78
Transportation,1973-07-01,41.2,3.52
Transportation,1973-08-01,41.2,3.0
Transportation,1973-09-01,41.1,2.24
Transportation,1973-10-01,41.4,3.24
Transportation,1973-11-01,41.8,3.72
Transportation,1973-12-01,42.2,4.46
Transportation,1974-01-01,42.8,5.94
Transportation,1974-02-01,43.4,6.9
Transportation,1974-03-01,44.2,8.6
Transportation,1974-04-01,44.7,9.02
Transportation,1974-05-01,45.3,10.49
Transportation,1974-06-01,45.9,11.41
Transportation,1974-07-01,46.4,12.62
Transportation,1974-08-01,46.6,13.11
Transportation,1974-09-01,47.0,14.36
Transportation,1974-10-01,47.3,14.25
Transportation,1974-11-01,47.6,13.88
Transportation,1974-12-01,47.9,13.51
Transportation,1975-01-01,48.0,12.15
Transportation,1975-02-01,48.3,11.29
Transportation,1975-03-01,48.7,10.18
Transportation,1975-04-01,48.8,9.17
Transportation,1975-05-01,48.9,7.95
Transportation,1975-06-01,49.4,7.63
Transportation,1975-07-01,50.2,8.19
Transportation,1975-08-01,50.6,8.58
Transportation,1975-09-01,51.4,9.36
Transportation,1975-10-01,51.7,9.3
Transportation,1975-11-01,52.4,10.08
Transportation,1975-12-01,52.6,9.81
Transportation,1976-01-01,53.0,10.42
Transportation,1976-02-01,53.3,10.35
Transportation,1976-03-01,53.8,10.47
Transportation,1976-04-01,54.0,10.66
Transportation,1976-05-01,54.3,11.04
Transportation,1976-06-01,54.8,10.93
Transportation,1976-07-01,55.1,9.76
Transportation,1976-08-01,55.4,9.49
Transportation,1976-09-01,56.0,8.95
Transportation,1976-10-01,56.6,9.48
Transportation,1976-11-01,57.0,8.78
Transportation,1976-12-01,57.3,8.94
Transportation,1977-01-01,57.8,9.06
Transportation,1977-02-01,58.2,9.19
Transportation,1977-03-01,58.7,9.11
Transportation,1977-04-01,59.0,9.26
Transportation,1977-05-01,59.1,8.84
Transportation,1977-06-01,59.1,7.85
Transportation,1977-07-01,59.0,7.08
Transportation,1977-08-01,58.9,6.32
Transportation,1977-09-01,59.1,5.54
Transportation,1977-10-01,59.3,4.77
Transportation,1977-11-01,59.5,4.39
Transportation,1977-12-01,59.8,4.36
Transportation,1978-01-01,60.1,3.98
Transportation,1978-02-01,60.2,3.44
Transportation,1978-03-01,60.3,2.73
Transportation,1978-04-01,60.4,2.37
Transportation,1978-05-01,60.7,2.71
Transportation,1978-06-01,61.1,3.38
Transportation,1978-07-01,61.6,4.41
Transportation,1978-08-01,62.0,5.26
Transportation,1978-09-01,62.6,5.92
Transportation,1978-10-01,63.3,6.75
Transportation,1978-11-01,63.9,7.39
Transportation,1978-12-01,64.5,7.86
Transportation,1979-01-01,64.6,7.49
Transportation,1979-02-01,65.2,8.31
Transportation,1979-03-01,66.4,10.12
Transportation,1979-04-01,67.8,12.25
Transportation,1979-05-01,69.1,13.84
Transportation,1979-06-01,70.5,15.38
Transportation,1979-07-01,71.7,16.4
Transportation,1979-08-01,72.7,17.26
Transportation,1979-09-01,73.5,17.41
Transportation,1979-10-01,74.0,16.9
Transportation,1979-11-01,74.7,16.9
Transportation,1979-12-01,75.8,17.52
Transportation,1980-01-01,78.0,20.74
Transportation,1980-02-01,79.8,22.39
Transportation,1980-03-01,81.8,23.19
Transportation,1980-04-01,82.2,21.24
Transportation,1980-05-01,82.8,19.83
Transportation,1980-06-01,82.7,17.3
Transportation,1980-07-01,83.1,15.9
Transportation,1980-08-01,83.7,15.13
Transportation,1980-09-01,84.6,15.1
Transportation,1980-10-01,85.3,15.27
Transportation,1980-11-01,86.1,15.26
Transportation,1980-12-01,86.8,14.51
Transportation,1981-01-01,88.5,13.46
Transportation,1981-02-01,90.7,13.66
Transportation,1981-03-01,91.8,12.22
Transportation,1981-04-01,91.7,11.56
Transportation,1981-05-01,92.2,11.35
Transportation,1981-06-01,92.7,12.09
Transportation,1981-07-01,93.5,12.52
Transportation,1981-08-01,93.9,12.19
Transportation,1981-09-01,94.6,11.82
Transportation,1981-10-01,95.5,11.96
Transportation,1981-11-01,96.2,11.73
Transportation,1981-12-01,96.4,11.06
Transportation,1982-01-01,96.7,9.27
Transportation,1982-02-01,96.2,6.06
Transportation,1982-03-01,95.8,4.36
Transportation,1982-04-01,94.5,3.05
Transportation,1982-05-01,95.1,3.15
Transportation,1982-06-01,97.2,4.85
Transportation,1982-07-01,98.1,4.92
Transportation,1982-08-01,98.2,4.58
Transportation,1982-09-01,98.0,3.59
Transportation,1982-10-01,98.2,2.83
Transportation,1982-11-01,98.2,2.08
Transportation,1982-12-01,97.7,1.35
Transportation,1983-01-01,97.6,0.93
Transportation,1983-02-01,96.9,0.73
Transportation,1983-03-01,96.5,0.73
Transportation,1983-04-01,97.8,3.49
Transportation,1983-05-01,98.6,3.68
Transportation,1983-06-01,99.0,1.85
Transportation,1983-07-01,99.6,1.53
Transportation,1983-08-01,100.4,2.24
Transportation,1983-09-01,100.7,2.76
Transportation,1983-10-01,101.1,2.95
Transportation,1983-11-01,101.5,3.36
Transportation,1983-12-01,101.5,3.89
Transportation,1984-01-01,102.0,4.51
Transportation,1984-02-01,102.2,5.47
Transportation,1984-03-01,102.9,6.63
Transportation,1984-04-01,103.3,5.62
Transportation,1984-05-01,103.7,5.17
Transportation,1984-06-01,103.9,4.95
Transportation,1984-07-01,103.7,4.12
Transportation,1984-08-01,103.8,3.39
Transportation,1984-09-01,104.1,3.38
Transportation,1984-10-01,104.8,3.66
Transportation,1984-11-01,104.9,3.35
Transportation,1984-12-01,104.7,3.15
Transportation,1985-01-01,105.1,3.04
Transportation,1985-02-01,105.6,3.33
Transportation,1985-03-01,106.3,3.3
Transportation,1985-04-01,106.8,3.39
Transportation,1985-05-01,106.5,2.7
Transportation,1985-06-01,106.5,2.5
Transportation,1985-07-01,106.6,2.8
Transportation,1985-08-01,106.2,2.31
Transportation,1985-09-01,106.2,2.02
Transportation,1985-10-01,106.5,1.62
Transportation,1985-11-01,107.0,2.0
Transportation,1985-12-01,107.5,2.67
Transportation,1986-01-01,108.0,2.76
Transportation,1986-02-01,107.0,1.33
Transportation,1986-03-01,103.6,-2.54
Transportation,1986-04-01,101.0,-5.43
Transportation,1986-05-01,101.4,-4.79
Transportation,1986-06-01,102.3,-3.94
Transportation,1986-07-01,101.1,-5.16
Transportation,1986-08-01,100.1,-5.74
Transportation,1986-09-01,100.6,-5.27
Transportation,1986-10-01,100.5,-5.63
Transportation,1986-11-01,100.8,-5.79
Transportation,1986-12-01,101.1,-5.95
Transportation,1987-01-01,102.6,-5.0
Transportation,1987-02-01,103.5,-3.27
Transportation,1987-03-01,103.8,0.19
Transportation,1987-04-01,104.3,3.27
Transportation,1987-05-01,104.4,2.96
Transportation,1987-06-01,105.1,2.74
Transportation,1987-07-01,105.9,4.75
Transportation,1987-08-01,106.6,6.49
Transportation,1987-09-01,106.9,6.26
Transportation,1987-10-01,107.0,6.47
Transportation,1987-11-01,107.3,6.45
Transportation,1987-12-01,107.2,6.03
Transportation,1988-01-01,107.0,4.29
Transportation,1988-02-01,107.0,3.38
Transportation,1988-03-01,107.0,3.08
Transportation,1988-04-01,107.5,3.07
Transportation,1988-05-01,107.9,3.35
Transportation,1988-06-01,108.3,3.04
Transportation,1988-07-01,108.8,2.74
Transportation,1988-08-01,109.7,2.91
Transportation,1988-09-01,109.9,2.81
Transportation,1988-10-01,110.0,2.8
Transportation,1988-11-01,110.2,2.7
Transportation,1988-12-01,110.4,2.99
Transportation,1989-01-01,110.9,3.64
Transportation,1989-02-01,111.7,4.39
Transportation,1989-03-01,112.4,5.05
Transportation,1989-04-01,115.0,6.98
Transportation,1989-05-01,115.8,7.32
Transportation,1989-06-01,115.7,6.83
Transportation,1989-07-01,115.4,6.07
Transportation,1989-08-01,114.5,4.38
Transportation,1989-09-01,113.9,3.64
Transportation,1989-10-01,114.5,4.09
Transportation,1989-11-01,114.4,3.81
Transportation,1989-12-01,114.7,3.89
Transportation,1990-01-01,117.0,5.5
Transportation,1990-02-01,117.2,4.92
Transportation,1990-03-01,117.3,4.36
Transportation,1990-04-01,117.7,2.35
Transportation,1990-05-01,117.5,1.47
Transportation,1990-06-01,118.0,1.99
Transportation,1990-07-01,118.5,2.69
Transportation,1990-08-01,120.7,5.41
Transportation,1990-09-01,123.2,8.17
Transportation,1990-10-01,125.6,9.69
Transportation,1990-11-01,126.1,10.23
Transportation,1990-12-01,126.9,10.64
Transportation,1991-01-01,125.5,7.26
Transportation,1991-02-01,123.9,5.72
Transportation,1991-03-01,122.7,4.6
Transportation,1991-04-01,122.5,4.08
Transportation,1991-05-01,123.2,4.85
Transportation,1991-06-01,123.4,4.58
Transportation,1991-07-01,123.3,4.05
Transportation,1991-08-01,124.0,2.73
Transportation,1991-09-01,124.1,0.73
Transportation,1991-10-01,123.9,-1.35
Transportation,1991-11-01,124.5,-1.27
Transportation,1991-12-01,125.1,-1.42
Transportation,1992-01-01,124.6,-0.72
Transportation,1992-02-01,124.5,0.48
Transportation,1992-03-01,125.0,1.87
Transportation,1992-04-01,125.6,2.53
Transportation,1992-05-01,125.9,2.19
Transportation,1992-06-01,126.4,2.43
Transportation,1992-07-01,126.9,2.92
Transportation,1992-08-01,127.0,2.42
Transportation,1992-09-01,127.0,2.34
Transportation,1992-10-01,128.1,3.39
Transportation,1992-11-01,128.7,3.37
Transportation,1992-12-01,128.9,3.04
Transportation,1993-01-01,129.2,3.69
Transportation,1993-02-01,129.6,4.1
Transportation,1993-03-01,129.4,3.52
Transportation,1993-04-01,129.6,3.18
Transportation,1993-05-01,129.9,3.18
Transportation,1993-06-01,129.9,2.77
Transportation,1993-07-01,130.1,2.52
Transportation,1993-08-01,130.5,2.76
Transportation,1993-09-01,130.4,2.68
Transportation,1993-10-01,132.0,3.04
Transportation,1993-11-01,132.2,2.72
Transportation,1993-12-01,132.1,2.48
Transportation,1994-01-01,131.7,1.93
Transportation,1994-02-01,132.3,2.08
Transportation,1994-03-01,132.6,2.47
Transportation,1994-04-01,132.8,2.47
Transportation,1994-05-01,132.4,1.92
Transportation,1994-06-01,133.2,2.54
Transportation,1994-07-01,134.4,3.31
Transportation,1994-08-01,136.0,4.21
Transportation,1994-09-01,136.1,4.37
Transportation,1994-10-01,136.2,3.18
Transportation,1994-11-01,136.7,3.4
Transportation,1994-12-01,137.1,3.79
Transportation,1995-01-01,137.4,4.33
Transportation,1995-02-01,137.9,4.23
Transportation,1995-03-01,138.4,4.37
Transportation,1995-04-01,139.2,4.82
Transportation,1995-05-01,139.7,5.51
Transportation,1995-06-01,140.6,5.56
Transportation,1995-07-01,139.9,4.09
Transportation,1995-08-01,139.4,2.5
Transportation,1995-09-01,139.1,2.2
Transportation,1995-10-01,139.5,2.42
Transportation,1995-11-01,139.1,1.76
Transportation,1995-12-01,139.1,1.46
Transportation,1996-01-01,140.4,2.18
Transportation,1996-02-01,140.9,2.18
Transportation,1996-03-01,141.5,2.24
Transportation,1996-04-01,142.9,2.66
Transportation,1996-05-01,143.5,2.72
Transportation,1996-06-01,143.4,1.99
Transportation,1996-07-01,143.0,2.22
Transportation,1996-08-01,143.0,2.58
Transportation,1996-09-01,143.6,3.24
Transportation,1996-10-01,143.9,3.15
Transportation,1996-11-01,144.6,3.95
Transportation,1996-12-01,145.7,4.74
Transportation,1997-01-01,145.6,3.7
Transportation,1997-02-01,145.2,3.05
Transportation,1997-03-01,145.0,2.47
Transportation,1997-04-01,144.3,0.98
Transportation,1997-05-01,143.3,-0.14
Transportation,1997-06-01,143.6,0.14
Transportation,1997-07-01,143.3,0.21
Transportation,1997-08-01,144.1,0.77
Transportation,1997-09-01,144.8,0.84
Transportation,1997-10-01,144.7,0.56
Transportation,1997-11-01,143.9,-0.48
Transportation,1997-12-01,143.7,-1.37
Transportation,1998-01-01,143.0,-1.79
Transportation,1998-02-01,142.4,-1.93
Transportation,1998-03-01,141.5,-2.41
Transportation,1998-04-01,140.9,-2.36
Transportation,1998-05-01,141.2,-1.47
Transportation,1998-06-01,141.4,-1.53
Transportation,1998-07-01,141.7,-1.12
Transportation,1998-08-01,141.6,-1.73
Transportation,1998-09-01,141.2,-2.49
Transportation,1998-10-01,141.4,-2.28
Transportation,1998-11-01,141.3,-1.81
Transportation,1998-12-01,140.9,-1.95
Transportation,1999-01-01,140.8,-1.54
Transportation,1999-02-01,140.0,-1.69
Transportation,1999-03-01,140.7,-0.57
Transportation,1999-04-01,143.6,1.92
Transportation,1999-05-01,143.4,1.56
Transportation,1999-06-01,143.0,1.13
Transportation,1999-07-01,144.6,2.05
Transportation,1999-08-01,145.9,3.04
Transportation,1999-09-01,147.0,4.11
Transportation,1999-10-01,147.6,4.38
Transportation,1999-11-01,147.5,4.39
Transportation,1999-12-01,148.8,5.61
Transportation,2000-01-01,149.1,5.89
Transportation,2000-02-01,150.0,7.14
Transportation,2000-03-01,153.6,9.17
Transportation,2000-04-01,152.1,5.92
Transportation,2000-05-01,152.0,6.0
Transportation,2000-06-01,155.0,8.39
Transportation,2000-07-01,154.6,6.92
Transportation,2000-08-01,153.2,5.0
Transportation,2000-09-01,155.2,5.58
Transportation,2000-10-01,154.7,4.81
Transportation,2000-11-01,155.0,5.08
Transportation,2000-12-01,155.1,4.23
Transportation,2001-01-01,155.4,4.23
Transportation,2001-02-01,155.2,3.47
Transportation,2001-03-01,154.2,0.39
Transportation,2001-04-01,154.8,1.78
Transportation,2001-05-01,157.6,3.68
Transportation,2001-06-01,157.3,1.48
Transportation,2001-07-01,154.0,-0.39
Transportation,2001-08-01,153.4,0.13
Transportation,2001-09-01,156.0,0.52
Transportation,2001-10-01,152.9,-1.16
Transportation,2001-11-01,150.2,-3.1
Transportation,2001-12-01,149.2,-3.8
Transportation,2002-01-01,149.3,-3.93
Transportation,2002-02-01,148.7,-4.19
Transportation,2002-03-01,150.5,-2.4
Transportation,2002-04-01,152.5,-1.49
Transportation,2002-05-01,152.8,-3.05
Transportation,2002-06-01,152.8,-2.86
Transportation,2002-07-01,153.3,-0.45
Transportation,2002-08-01,154.0,0.39
Transportation,2002-09-01,154.2,-1.15
Transportation,2002-10-01,155.5,1.7
Transportation,2002-11-01,155.4,3.46
Transportation,2002-12-01,155.3,4.09
Transportation,2003-01-01,158.0,5.83
Transportation,2003-02-01,160.8,8.14
Transportation,2003-03-01,160.8,6.84
Transportation,2003-04-01,157.7,3.41
Transportation,2003-05-01,154.4,1.05
Transportation,2003-06-01,154.6,1.18
Transportation,2003-07-01,155.7,1.57
Transportation,2003-08-01,158.2,2.73
Transportation,2003-09-01,159.9,3.7
Transportation,2003-10-01,157.5,1.29
Transportation,2003-11-01,156.9,0.97
Transportation,2003-12-01,157.4,1.35
Transportation,2004-01-01,159.8,1.14
Transportation,2004-02-01,160.7,-0.06
Transportation,2004-03-01,160.8,0.0
Transportation,2004-04-01,159.8,1.33
Transportation,2004-05-01,161.6,4.66
Transportation,2004-06-01,162.8,5.3
Transportation,2004-07-01,162.3,4.24
Transportation,2004-08-01,162.1,2.47
Transportation,2004-09-01,163.4,2.19
Transportation,2004-10-01,166.7,5.84
Transportation,2004-11-01,169.1,7.78
Transportation,2004-12-01,168.5,7.05
Transportation,2005-01-01,166.5,4.19
Transportation,2005-02-01,168.4,4.79
Transportation,2005-03-01,169.2,5.22
Transportation,2005-04-01,170.3,6.57
Transportation,2005-05-01,168.7,4.39
Transportation,2005-06-01,169.1,3.87
Transportation,2005-07-01,172.8,6.47
Transportation,2005-08-01,177.3,9.38
Transportation,2005-09-01,187.7,14.87
Transportation,2005-10-01,184.5,10.68
Transportation,2005-11-01,176.8,4.55
Transportation,2005-12-01,176.0,4.45
Transportation,2006-01-01,179.0,7.51
Transportation,2006-02-01,178.5,6.0
Transportation,2006-03-01,178.1,5.26
Transportation,2006-04-01,181.8,6.75
Transportation,2006-05-01,182.7,8.3
Transportation,2006-06-01,183.0,8.22
Transportation,2006-07-01,186.9,8.16
Transportation,2006-08-01,188.4,6.26
Transportation,2006-09-01,181.5,-3.3
Transportation,2006-10-01,175.9,-4.66
Transportation,2006-11-01,174.9,-1.07
Transportation,2006-12-01,178.3,1.31
Transportation,2007-01-01,177.09,-1.07
Transportation,2007-02-01,177.727,-0.43
Transportation,2007-03-01,181.041,1.65
Transportation,2007-04-01,182.489,0.38
Transportation,2007-05-01,184.669,1.08
Transportation,2007-06-01,184.902,1.04
Transportation,2007-07-01,185.396,-0.8
Transportation,2007-08-01,184.328,-2.16
Transportation,2007-09-01,186.324,2.66
Transportation,2007-10-01,186.922,6.27
Transportation,2007-11-01,192.289,9.94
Transportation,2007-12-01,193.205,8.36
Transportation,2008-01-01,194.135,9.63
Transportation,2008-02-01,194.934,9.68
Transportation,2008-03-01,195.872,8.19
Transportation,2008-04-01,195.179,6.95
Transportation,2008-05-01,198.535,7.51
Transportation,2008-06-01,206.313,11.58
Transportation,2008-07-01,209.349,12.92
Transportation,2008-08-01,205.848,11.67
Transportation,2008-09-01,205.856,10.48
Transportation,2008-10-01,195.608,4.65
Transportation,2008-11-01,175.507,-8.73
Transportation,2008-12-01,166.673,-13.73
Transportation,2009-01-01,168.403,-13.25
Transportation,2009-02-01,171.424,-12.06
Transportation,2009-03-01,169.449,-13.49
Transportation,2009-04-01,170.09,-12.85
Transportation,2009-05-01,172.235,-13.25
Transportation,2009-06-01,180.667,-12.43
Transportation,2009-07-01,180.915,-13.58
Transportation,2009-08-01,183.729,-10.75
Transportation,2009-09-01,185.329,-9.97
Transportation,2009-10-01,187.793,-4.0
Transportation,2009-11-01,191.243,8.97
Transportation,2009-12-01,191.517,14.91
Transportation,2010-01-01,193.116,14.67
Transportation,2010-02-01,191.978,11.99
Transportation,2010-03-01,191.375,12.94
Transportation,2010-04-01,191.249,12.44
Transportation,2010-05-01,190.231,10.45
Transportation,2010-06-01,189.426,4.85
Transportation,2010-07-01,191.082,5.62
Transportation,2010-08-01,192.287,4.66
Transportation,2010-09-01,193.316,4.31
Transportation,2010-10-01,196.845,4.82
Transportation,2010-11-01,198.783,3.94
Transportation,2010-12-01,202.454,5.71
Transportation,2011-01-01,204.232,5.76
Transportation,2011-02-01,205.704,7.15
Transportation,2011-03-01,209.591,9.52
Transportation,2011-04-01,213.032,11.39
Transportation,2011-05-01,214.499,12.76
Transportation,2011-06-01,212.957,12.42
Transportation,2011-07-01,213.661,11.82
Transportation,2011-08-01,214.651,11.63
Transportation,2011-09-01,215.455,11.45
Transportation,2011-10-01,214.682,9.06
Transportation,2011-11-01,215.149,8.23
Transportation,2011-12-01,213.784,5.6
Transportation,2012-01-01,215.385,5.46
Transportation,2012-02-01,217.686,5.82
Transportation,2012-03-01,218.457,4.23
Transportation,2012-04-01,218.615,2.62
Transportation,2012-05-01,215.029,0.25
Transportation,2012-06-01,212.225,-0.34
Transportation,2012-07-01,211.791,-0.88
Transportation,2012-08-01,217.573,1.36
Transportation,2012-09-01,221.574,2.84
Transportation,2012-10-01,222.913,3.83
Transportation,2012-11-01,218.833,1.71
Transportation,2012-12-01,217.524,1.75
Transportation,2013-01-01,218.092,1.26
Transportation,2013-02-01,223.274,2.57
Transportation,2013-03-01,218.985,0.24
Transportation,2013-04-01,214.905,-1.7
Transportation,2013-05-01,214.01,-0.47
Transportation,2013-06-01,215.38,1.49
Transportation,2013-07-01,216.562,2.25
Transportation,2013-08-01,217.901,0.15
Transportation,2013-09-01,216.898,-2.11
Transportation,2013-10-01,216.682,-2.8
Transportation,2013-11-01,217.17,-0.76
Transportation,2013-12-01,218.715,0.55
Transportation,2014-01-01,219.287,0.55
Transportation,2014-02-01,218.525,-2.13
Transportation,2014-03-01,217.491,-0.68
Transportation,2014-04-01,218.989,1.9
Transportation,2014-05-01,218.306,2.01
Transportation,2014-06-01,218.653,1.52
Transportation,2014-07-01,218.126,0.72
Transportation,2014-08-01,217.071,-0.38
Transportation,2014-09-01,215.41,-0.69
Transportation,2014-10-01,213.73,-1.36
Transportation,2014-11-01,210.033,-3.29
Transportation,2014-12-01,204.124,-6.67
Transportation,2015-01-01,194.852,-11.14
Transportation,2015-02-01,197.087,-9.81
Transportation,2015-03-01,199.119,-8.45
Transportation,2015-04-01,198.636,-9.29
Transportation,2015-05-01,202.277,-7.34
Transportation,2015-06-01,203.86,-6.77
Transportation,2015-07-01,204.166,-6.4
Transportation,2015-08-01,202.609,-6.66
Transportation,2015-09-01,197.162,-8.47
Transportation,2015-10-01,196.445,-8.09
Transportation,2015-11-01,196.644,-6.37
Transportation,2015-12-01,194.728,-4.6
Transportation,2016-01-01,192.648,-1.13
Transportation,2016-02-01,188.784,-4.21
Transportation,2016-03-01,191.583,-3.78
Transportation,2016-04-01,194.491,-2.09
Transportation,2016-05-01,195.474,-3.36
Transportation,2016-06-01,197.236,-3.25
Transportation,2016-07-01,194.654,-4.66
Transportation,2016-08-01,194.205,-4.15
Transportation,2016-09-01,195.762,-0.71
Transportation,2016-10-01,197.151,0.36
Transportation,2016-11-01,197.331,0.35
Transportation,2016-12-01,199.146,2.27
Transportation,2017-01-01,202.082,4.9
Transportation,2017-02-01,201.566,6.77
Transportation,2017-03-01,201.165,5.0
Transportation,2017-04-01,200.904,3.3
Transportation,2017-05-01,198.623,1.61
Transportation,2017-06-01,198.062,0.42
Transportation,2017-07-01,196.903,1.16
Transportation,2017-08-01,199.59,2.77
Transportation,2017-09-01,204.503,4.47
Transportation,2017-10-01,203.282,3.11
Transportation,2017-11-01,205.698,4.24
Transportation,2017-12-01,206.332,3.61
Transportation,2018-01-01,208.964,3.41
Transportation,2018-02-01,210.466,4.42
Transportation,2018-03-01,208.649,3.72
Transportation,2018-04-01,209.542,4.3
Transportation,2018-05-01,210.576,6.02
Transportation,2018-06-01,210.83,6.45
Transportation,2018-07-01,210.467,6.89
Transportation,2018-08-01,211.843,6.14
Transportation,2018-09-01,212.734,4.02
Transportation,2018-10-01,213.82,5.18
Transportation,2018-11-01,211.019,2.59
Transportation,2018-12-01,208.595,1.1
Transportation,2019-01-01,205.719,-1.55
Transportation,2019-02-01,207.495,-1.41
Transportation,2019-03-01,210.097,0.69
Transportation,2019-04-01,213.037,1.67
Transportation,2019-05-01,211.761,0.56
Transportation,2019-06-01,209.25,-0.75
Transportation,2019-07-01,209.934,-0.25
Transportation,2019-08-01,209.27,-1.21
Transportation,2019-09-01,209.085,-1.72
Transportation,2019-10-01,210.25,-1.67
Transportation,2019-11-01,211.286,0.13
Transportation,2019-12-01,213.354,2.28
Transportation,2020-01-01,213.14,3.61
Transportation,2020-02-01,211.402,1.88
Transportation,2020-03-01,204.709,-2.56
Transportation,2020-04-01,192.375,-9.7
Transportation,2020-05-01,188.733,-10.87
Transportation,2020-06-01,192.554,-7.98
Transportation,2020-07-01,197.289,-6.02
Transportation,2020-08-01,199.971,-4.44
Transportation,2020-09-01,202.572,-3.12
Transportation,2020-10-01,203.23,-3.34
Transportation,2020-11-01,204.355,-3.28
Transportation,2020-12-01,208.196,-2.42
Transportation,2021-01-01,210.632,-1.18
Transportation,2021-02-01,212.904,0.71
Transportation,2021-03-01,217.471,6.23
Transportation,2021-04-01,220.736,14.74
Transportation,2021-05-01,225.784,19.63
Transportation,2021-06-01,233.169,21.09
Transportation,2021-07-01,234.485,18.85
Transportation,2021-08-01,234.588,17.31
Transportation,2021-09-01,235.77,16.39
Transportation,2021-10-01,241.059,18.61
Transportation,2021-11-01,248.066,21.39
Transportation,2021-12-01,253.118,21.58
Transportation,2022-01-01,254.579,20.86
Transportation,2022-02-01,257.835,21.1
Transportation,2022-03-01,266.618,22.6
Transportation,2022-04-01,264.563,19.85
Transportation,2022-05-01,269.601,19.41
Transportation,2022-06-01,278.932,19.63
Transportation,2022-07-01,272.71,16.3
Transportation,2022-08-01,265.977,13.38
Transportation,2022-09-01,265.46,12.59
Transportation,2022-10-01,268.123,11.23
Transportation,2022-11-01,267.391,7.79
Transportation,2022-12-01,262.161,3.57
Transportation,2023-01-01,263.597,3.54
Transportation,2023-02-01,263.822,2.32
Transportation,2023-03-01,263.521,-1.16
Transportation,2023-04-01,265.284,0.27
Transportation,2023-05-01,265.15,-1.65
Transportation,2023-06-01,265.787,-4.71
Transportation,2023-07-01,265.613,-2.6
Transportation,2023-08-01,270.442,1.68
Transportation,2023-09-01,271.893,2.42
Transportation,2023-10-01,270.239,0.79
Transportation,2023-11-01,269.558,0.81
Transportation,2023-12-01,269.187,2.68
Transportation,2024-01-01,267.931,1.64
Transportation,2024-02-01,270.904,2.68
Transportation,2024-03-01,274.332,4.1
Transportation,2024-04-01,274.564,3.5
Transportation,2024-05-01,272.306,2.7
Transportation,2024-06-01,269.014,1.21
Transportation,2024-07-01,268.745,1.18
Transportation,2024-08-01,268.745,-0.63
Transportation,2024-09-01,268.853,-1.12
Transportation,2024-10-01,269.476,-0.28
Transportation,2024-11-01,270.397,0.31
Transportation,2024-12-01,273.39,1.56
Transportation,2025-01-01,276.016,3.02
Transportation,2025-02-01,275.019,1.52
Transportation,2025-03-01,271.76,-0.94
Transportation,2025-04-01,270.662,-1.42
Transportation,2025-05-01,269.009,-1.21
Transportation,2025-06-01,269.017,0.0
Transportation,2025-07-01,269.382,0.24
Transportation,2025-08-01,271.591,1.06
Transportation,2025-09-01,273.656,1.79
Transportation,2025-11-01,274.113,1.72
Transportation,2025-12-01,274.073,1.36
Transportation,2026-01-01,273.21,-0.07
Transportation,2026-02-01,273.766,-0.82
Transportation,2026-03-01,285.48,3.8
Transportation,2026-04-01,289.301,6.45
Transportation,2026-05-01,293.082,8.28
